-- phpMyAdmin SQL Dump
-- version 5.1.1
-- https://www.phpmyadmin.net/
--
-- Servidor: 127.0.0.1:3306
-- Tiempo de generación: 16-07-2023 a las 18:37:59
-- Versión del servidor: 5.7.36
-- Versión de PHP: 7.1.33

SET SQL_MODE = "NO_AUTO_VALUE_ON_ZERO";
START TRANSACTION;
SET time_zone = "+00:00";


/*!40101 SET @OLD_CHARACTER_SET_CLIENT=@@CHARACTER_SET_CLIENT */;
/*!40101 SET @OLD_CHARACTER_SET_RESULTS=@@CHARACTER_SET_RESULTS */;
/*!40101 SET @OLD_COLLATION_CONNECTION=@@COLLATION_CONNECTION */;
/*!40101 SET NAMES utf8mb4 */;

--
-- Base de datos: `dbfichasocioeconomica`
--

-- --------------------------------------------------------

--
-- Estructura de tabla para la tabla `actividadeseconomicas`
--

DROP TABLE IF EXISTS `actividadeseconomicas`;
CREATE TABLE IF NOT EXISTS `actividadeseconomicas` (
  `id` int(11) NOT NULL AUTO_INCREMENT,
  `ficha_id` int(11) NOT NULL,
  `familiar_id` int(11) NOT NULL,
  `parentesco_id` int(11) NOT NULL,
  `parentesco` varchar(200) NOT NULL,
  `nombrefamiliar` varchar(300) NOT NULL,
  `ocupacionprincipal` varchar(300) NOT NULL,
  `remuneracionmensual` float NOT NULL,
  `frecuenciaactividad` varchar(200) NOT NULL,
  `frecuenciaactividad_id` int(11) NOT NULL,
  `actividadesextras` varchar(500) NOT NULL,
  `activo` smallint(6) NOT NULL DEFAULT '1',
  `created_at` timestamp NULL DEFAULT CURRENT_TIMESTAMP,
  `updated_at` timestamp NULL DEFAULT NULL,
  PRIMARY KEY (`id`)
) ENGINE=MyISAM AUTO_INCREMENT=14 DEFAULT CHARSET=latin1;

--
-- Volcado de datos para la tabla `actividadeseconomicas`
--

INSERT INTO `actividadeseconomicas` (`id`, `ficha_id`, `familiar_id`, `parentesco_id`, `parentesco`, `nombrefamiliar`, `ocupacionprincipal`, `remuneracionmensual`, `frecuenciaactividad`, `frecuenciaactividad_id`, `actividadesextras`, `activo`, `created_at`, `updated_at`) VALUES
(1, 1, 9, 3, 'Hijo(a)', 'asdsd4444 n55555 neeeee', 'ffffffffffffffffff', 300, 'gggggggggggg', 101, 'hhhhhh', 0, '2023-07-06 14:31:35', '2023-07-06 11:03:57'),
(2, 1, 8, 2, 'Madre', 'sadas n n', 'ddddddd', 400, 'Diaria', 101, 'sssssss', 1, '2023-07-06 10:51:43', NULL),
(3, 1, 8, 2, 'Madre', 'sadas n n', 'VENDEDOR DE CHICLES', 200, 'Semanal', 103, 'VIGILANTE DE MOTOS', 0, '2023-07-06 11:03:51', '2023-07-06 11:03:55'),
(4, 3, 21, 4, 'Hermano(a)', 'gggg n fffff', 'sss', 30, 'Inter diaria', 102, '22222', 1, '2023-07-07 17:47:36', NULL),
(5, 4, 24, 2, 'Madre', 'sadas n n', 'ddddddd', 400, 'Diaria', 101, 'sssssss', 1, '2023-07-07 21:26:34', NULL),
(6, 2, 14, 3, 'Hijo(a)', 'vigil guevara helen', 'ssdadasd', 300, 'Inter diaria', 102, 'asdasd', 1, '2023-07-10 17:50:08', NULL),
(7, 12, 38, 2, 'Madre', 'sadas n n', 'ddddddd', 400, 'Diaria', 101, 'sssssss', 1, '2023-07-10 20:03:00', NULL),
(8, 16, 44, 3, 'Hijo(a)', 'vigil guevara helen', 'ssdadasd', 300, 'Inter diaria', 102, 'asdasd', 1, '2023-07-10 20:39:47', NULL),
(9, 18, 50, 2, 'Madre', 'sadas n n', 'ddddddd', 400, 'Diaria', 101, 'sssssss', 1, '2023-07-11 14:07:02', NULL),
(10, 20, 56, 2, 'Madre', 'sadas n n', 'ddddddd', 400, 'Diaria', 101, 'sssssss', 1, '2023-07-11 14:56:48', NULL),
(11, 21, 61, 3, 'Hijo(a)', 'vigil guevara helen', 'ssdadasd', 300, 'Inter diaria', 102, 'asdasd', 1, '2023-07-11 15:07:30', NULL),
(12, 22, 67, 2, 'Madre', 'sadas n n', 'ddddddd', 400, 'Diaria', 101, 'sssssss', 1, '2023-07-12 16:41:03', NULL),
(13, 25, 72, 2, 'Madre', 'sadas n n', 'ddddddd', 400, 'Diaria', 101, 'sssssss', 1, '2023-07-15 20:41:44', NULL);

-- --------------------------------------------------------

--
-- Estructura de tabla para la tabla `beneficiarios`
--

DROP TABLE IF EXISTS `beneficiarios`;
CREATE TABLE IF NOT EXISTS `beneficiarios` (
  `id` int(11) NOT NULL AUTO_INCREMENT,
  `ficha_id` int(11) NOT NULL,
  `swentrevistado` smallint(6) NOT NULL DEFAULT '0',
  `nombres` varchar(200) DEFAULT NULL,
  `apellidopaterno` varchar(200) DEFAULT NULL,
  `apellidomaterno` varchar(200) DEFAULT NULL,
  `dni` varchar(20) DEFAULT NULL,
  `fechanacimiento` date DEFAULT NULL,
  `edad` smallint(6) NOT NULL DEFAULT '0',
  `sexo` smallint(6) NOT NULL DEFAULT '0',
  `telefono` varchar(20) NOT NULL,
  `email` varchar(200) NOT NULL,
  `estadocivil_id` int(11) NOT NULL,
  `estadocivil` varchar(200) NOT NULL,
  `niveleducativo_id` int(11) NOT NULL,
  `niveleducativo` varchar(200) NOT NULL,
  `tiposeguro_id` int(11) NOT NULL,
  `tiposeguro` varchar(200) NOT NULL,
  `cargafamiliar` int(11) NOT NULL DEFAULT '0',
  `activo` smallint(6) NOT NULL DEFAULT '1',
  `created_at` timestamp NULL DEFAULT CURRENT_TIMESTAMP,
  `updated_at` timestamp NULL DEFAULT NULL,
  PRIMARY KEY (`id`)
) ENGINE=MyISAM AUTO_INCREMENT=9 DEFAULT CHARSET=latin1;

--
-- Volcado de datos para la tabla `beneficiarios`
--

INSERT INTO `beneficiarios` (`id`, `ficha_id`, `swentrevistado`, `nombres`, `apellidopaterno`, `apellidomaterno`, `dni`, `fechanacimiento`, `edad`, `sexo`, `telefono`, `email`, `estadocivil_id`, `estadocivil`, `niveleducativo_id`, `niveleducativo`, `tiposeguro_id`, `tiposeguro`, `cargafamiliar`, `activo`, `created_at`, `updated_at`) VALUES
(1, 1, 0, 'neil', 'vigil', 'guevara', '44444444', '1989-06-28', 34, 0, '979797978', 'neil8928@gmail.com', 8, 'Soltero(a)', 19, 'Sup.Univers.', 23, 'ESSALUD', 1, 1, '2023-06-30 17:48:47', NULL),
(2, 2, 0, 'n', 'vigil', 'n', '44444444', '1972-01-01', 51, 0, '979797978', 'neil8928@gmail.com', 8, 'Soltero(a)', 19, 'Sup.Univers.', 22, 'SIS', 3, 1, '2023-07-06 16:26:57', NULL),
(3, 18, 0, 'juan', 'velasco', 'rodriguez', '46474844', '1989-07-11', 34, 0, '979797978', 'neil8928@gmail.com', 10, 'Casado(a)', 16, 'Prim.Incompleta', 23, 'ESSALUD', 0, 1, '2023-07-11 14:15:03', NULL),
(4, 23, 0, 'luis', 'marin', 'servio', '44444444', '1989-07-16', 34, 0, '979797978', 'neil8928@gmail.com', 10, 'Casado(a)', 15, 'Prim.Completa', 25, 'SSP', 0, 1, '2023-07-15 06:13:24', NULL),
(5, 24, 0, 'n', 'vigil', 'n', '44444446', '2020-07-15', 3, 0, '979797978', 'neil8928@gmail.com', 10, 'Casado(a)', 16, 'Prim.Incompleta', 24, 'EPS', 0, 1, '2023-07-15 06:15:34', NULL),
(6, 14, 0, 'n', 'vigil', 'n', '44444447', '2023-07-15', 23, 0, '979797978', 'neil8928@gmail.com', 9, 'Conviviente', 15, 'Prim.Completa', 22, 'SIS', 0, 1, '2023-07-15 23:06:55', NULL),
(7, 13, 0, 'we', 'we', 'wewe', '46474846', '2023-07-15', 65, 0, '979797978', 'neil8928@gmail.com', 11, 'Viudo(a)', 17, 'Sec.Completa', 24, 'EPS', 65, 1, '2023-07-15 23:09:28', NULL),
(8, 20, 0, 'n', 'velasco', 'n', '44444441', '2023-07-16', 30, 0, '979797978', 'neil8928@gmail.com', 9, 'Conviviente', 15, 'Prim.Completa', 24, 'EPS', 0, 1, '2023-07-16 15:32:53', NULL);

-- --------------------------------------------------------

--
-- Estructura de tabla para la tabla `beneficios`
--

DROP TABLE IF EXISTS `beneficios`;
CREATE TABLE IF NOT EXISTS `beneficios` (
  `id` int(11) NOT NULL AUTO_INCREMENT,
  `ficha_id` int(11) NOT NULL,
  `familiar_id` int(11) NOT NULL,
  `nombrefamiliar` varchar(200) DEFAULT NULL,
  `programabeneficiario_id` int(11) NOT NULL,
  `nombreprogramabeneficiario` varchar(200) DEFAULT NULL,
  `activo` smallint(6) NOT NULL DEFAULT '1',
  `usercrea` int(10) UNSIGNED NOT NULL,
  `fechacrea` date NOT NULL,
  `usermod` int(10) UNSIGNED DEFAULT NULL,
  `fechamod` date DEFAULT NULL,
  `created_at` timestamp NULL DEFAULT CURRENT_TIMESTAMP,
  `updated_at` timestamp NULL DEFAULT NULL,
  PRIMARY KEY (`id`)
) ENGINE=MyISAM AUTO_INCREMENT=37 DEFAULT CHARSET=latin1;

--
-- Volcado de datos para la tabla `beneficios`
--

INSERT INTO `beneficios` (`id`, `ficha_id`, `familiar_id`, `nombrefamiliar`, `programabeneficiario_id`, `nombreprogramabeneficiario`, `activo`, `usercrea`, `fechacrea`, `usermod`, `fechamod`, `created_at`, `updated_at`) VALUES
(1, 1, 10, 'vsss sollis viviana', 43, 'QALIWARMA', 0, 1, '2023-07-06', 1, '2023-07-06', '2023-07-06 17:39:01', '2023-07-06 17:39:39'),
(2, 1, 9, 'asdsd4444 n55555 neeeee', 43, 'QALIWARMA', 1, 1, '2023-07-06', NULL, NULL, '2023-07-06 17:39:08', NULL),
(3, 1, 10, 'vsss sollis viviana', 46, 'Pensión 65', 1, 1, '2023-07-06', NULL, NULL, '2023-07-06 17:39:35', NULL),
(4, 1, 8, 'sadas n n', 43, 'QALIWARMA', 1, 1, '2023-07-06', NULL, NULL, '2023-07-06 09:57:50', NULL),
(5, 1, 7, 'chivito nsadj n', 45, 'Juntos', 1, 1, '2023-07-06', NULL, NULL, '2023-07-06 10:01:11', NULL),
(6, 3, 21, 'gggg n fffff', 43, 'QALIWARMA', 1, 1, '2023-07-07', NULL, NULL, '2023-07-07 17:49:10', NULL),
(7, 3, 20, 'loca chivita chiva', 43, 'QALIWARMA', 1, 1, '2023-07-07', NULL, NULL, '2023-07-07 17:49:17', NULL),
(8, 4, 0, 'chivito nsadj n', 45, 'Juntos', 0, 1, '2023-07-06', NULL, NULL, '2023-07-07 21:26:34', '2023-07-07 09:30:31'),
(9, 4, 0, 'sadas n n', 43, 'QALIWARMA', 0, 1, '2023-07-06', NULL, NULL, '2023-07-07 21:26:34', '2023-07-07 09:30:31'),
(10, 4, 0, 'asdsd4444 n55555 neeeee', 43, 'QALIWARMA', 0, 1, '2023-07-06', NULL, NULL, '2023-07-07 21:26:34', '2023-07-07 09:30:31'),
(11, 4, 0, 'vsss sollis viviana', 46, 'Pensión 65', 0, 1, '2023-07-06', NULL, NULL, '2023-07-07 21:26:34', '2023-07-07 09:30:31'),
(12, 2, 12, 'vigil guevara neil', 44, 'CONADIS', 1, 1, '2023-07-10', NULL, NULL, '2023-07-10 17:41:56', NULL),
(13, 2, 13, 'tesen ramires ebelin', 44, 'CONADIS', 0, 1, '2023-07-10', 1, '2023-07-10', '2023-07-10 17:43:30', '2023-07-10 17:43:32'),
(14, 2, 15, 'lllll mmmm kkk', 45, 'Juntos', 1, 1, '2023-07-10', NULL, NULL, '2023-07-10 06:00:46', NULL),
(15, 12, 37, 'chivito nsadj n', 45, 'Juntos', 1, 1, '2023-07-06', NULL, NULL, '2023-07-10 20:03:00', NULL),
(16, 12, 38, 'sadas n n', 43, 'QALIWARMA', 1, 1, '2023-07-06', NULL, NULL, '2023-07-10 20:03:00', NULL),
(17, 12, 39, 'asdsd4444 n55555 neeeee', 43, 'QALIWARMA', 1, 1, '2023-07-06', NULL, NULL, '2023-07-10 20:03:00', NULL),
(18, 12, 40, 'vsss sollis viviana', 46, 'Pensión 65', 1, 1, '2023-07-06', NULL, NULL, '2023-07-10 20:03:00', NULL),
(19, 16, 45, 'lllll mmmm kkk', 45, 'Juntos', 1, 1, '2023-07-10', NULL, NULL, '2023-07-10 20:39:47', NULL),
(20, 18, 49, 'chivito nsadj n', 45, 'Juntos', 1, 1, '2023-07-06', NULL, NULL, '2023-07-11 14:07:02', NULL),
(21, 18, 50, 'sadas n n', 43, 'QALIWARMA', 1, 1, '2023-07-06', NULL, NULL, '2023-07-11 14:07:02', NULL),
(22, 18, 51, 'asdsd4444 n55555 neeeee', 43, 'QALIWARMA', 1, 1, '2023-07-06', NULL, NULL, '2023-07-11 14:07:02', NULL),
(23, 18, 52, 'vsss sollis viviana', 46, 'Pensión 65', 1, 1, '2023-07-06', NULL, NULL, '2023-07-11 14:07:02', NULL),
(24, 20, 55, 'chivito nsadj n', 45, 'Juntos', 1, 1, '2023-07-06', NULL, NULL, '2023-07-11 14:56:48', NULL),
(25, 20, 56, 'sadas n n', 43, 'QALIWARMA', 1, 1, '2023-07-06', NULL, NULL, '2023-07-11 14:56:48', NULL),
(26, 20, 57, 'asdsd4444 n55555 neeeee', 43, 'QALIWARMA', 1, 1, '2023-07-06', NULL, NULL, '2023-07-11 14:56:48', NULL),
(27, 20, 58, 'vsss sollis viviana', 46, 'Pensión 65', 1, 1, '2023-07-06', NULL, NULL, '2023-07-11 14:56:48', NULL),
(28, 21, 62, 'lllll mmmm kkk', 45, 'Juntos', 1, 1, '2023-07-10', NULL, NULL, '2023-07-11 15:07:30', NULL),
(29, 22, 66, 'chivito nsadj n', 45, 'Juntos', 1, 1, '2023-07-06', NULL, NULL, '2023-07-12 16:41:03', NULL),
(30, 22, 67, 'sadas n n', 43, 'QALIWARMA', 1, 1, '2023-07-06', NULL, NULL, '2023-07-12 16:41:03', NULL),
(31, 22, 68, 'asdsd4444 n55555 neeeee', 43, 'QALIWARMA', 1, 1, '2023-07-06', NULL, NULL, '2023-07-12 16:41:03', NULL),
(32, 22, 69, 'vsss sollis viviana', 46, 'Pensión 65', 1, 1, '2023-07-06', NULL, NULL, '2023-07-12 16:41:03', NULL),
(33, 25, 71, 'chivito nsadj n', 45, 'Juntos', 1, 1, '2023-07-06', NULL, NULL, '2023-07-15 20:41:44', NULL),
(34, 25, 72, 'sadas n n', 43, 'QALIWARMA', 1, 1, '2023-07-06', NULL, NULL, '2023-07-15 20:41:44', NULL),
(35, 25, 73, 'asdsd4444 n55555 neeeee', 43, 'QALIWARMA', 1, 1, '2023-07-06', NULL, NULL, '2023-07-15 20:41:44', NULL),
(36, 25, 74, 'vsss sollis viviana', 46, 'Pensión 65', 1, 1, '2023-07-06', NULL, NULL, '2023-07-15 20:41:44', NULL);

-- --------------------------------------------------------

--
-- Estructura de tabla para la tabla `conceptos`
--

DROP TABLE IF EXISTS `conceptos`;
CREATE TABLE IF NOT EXISTS `conceptos` (
  `id` int(10) UNSIGNED NOT NULL AUTO_INCREMENT,
  `codigo` varchar(100) COLLATE utf8mb4_unicode_ci NOT NULL,
  `nombre` varchar(200) COLLATE utf8mb4_unicode_ci NOT NULL,
  `descripcion` varchar(300) COLLATE utf8mb4_unicode_ci NOT NULL,
  `activo` tinyint(1) NOT NULL DEFAULT '1',
  `created_at` timestamp NULL DEFAULT CURRENT_TIMESTAMP,
  `updated_at` timestamp NULL DEFAULT NULL,
  PRIMARY KEY (`id`)
) ENGINE=MyISAM AUTO_INCREMENT=26 DEFAULT CHARSET=utf8mb4 COLLATE=utf8mb4_unicode_ci;

--
-- Volcado de datos para la tabla `conceptos`
--

INSERT INTO `conceptos` (`id`, `codigo`, `nombre`, `descripcion`, `activo`, `created_at`, `updated_at`) VALUES
(1, '00001', 'parentesco', 'parentesco familiar con el beneficiario', 1, '2023-06-23 12:52:30', NULL),
(2, '00002', 'estado civil', 'estado civil de cada familiar ', 1, '2023-06-23 12:52:30', NULL),
(3, '00003', 'nivel educativo', 'nivel educativo de cada familiar', 1, '2023-06-23 12:52:30', NULL),
(4, '00004', 'tipo de seguro', 'tipo de seguro de cada familiar', 1, '2023-06-23 12:52:30', NULL),
(5, '00005', 'discapacidad', 'discapacidad familiar', 1, '2023-06-23 12:52:30', NULL),
(6, '00006', 'nivel de discapacidad', 'nivel de discapacidad familiar', 1, '2023-06-23 12:52:30', NULL),
(7, '00007', 'ocupacion', 'ocupacion familiar', 1, '2023-06-23 12:52:30', NULL),
(8, '00008', 'frecuencia actividad', 'frecuencia actividad familiar', 1, '2023-06-23 12:52:30', NULL),
(9, '00009', 'bienes', 'bienes familiar', 1, '2023-06-23 12:52:30', NULL),
(10, '00010', 'programa beneficiario', 'programa beneficiario familiar', 1, '2023-06-23 12:52:30', NULL),
(11, '00011', 'tenencia de vivienda', 'tenencia de vivienda familiar', 1, '2023-06-23 12:52:30', NULL),
(12, '00012', 'documentacion de vivienda', 'documentacion de vivienda familiar', 1, '2023-06-23 12:52:30', NULL),
(13, '00013', 'material de la vivienda', 'material de la vivienda familiar', 1, '2023-06-23 12:52:30', NULL),
(14, '00014', 'servicios publicos', 'servicios publicos familiar', 1, '2023-06-23 12:52:30', NULL),
(15, '00015', 'abastecimiento agua', 'abastecimiento agua familiar', 1, '2023-06-23 12:52:30', NULL),
(16, '00016', 'servicios higienicos', 'servicios higienicos familiar', 1, '2023-06-23 12:52:30', NULL),
(17, '00017', 'tipo de violencia familiar', 'tipo de violencia familiar', 1, '2023-06-23 12:52:30', NULL),
(18, '00018', 'institucion apoyo violencia', 'institucion apoyo violencia familiar', 1, '2023-06-23 12:52:30', NULL),
(19, '00019', 'material del techo', 'material del techo de la vivienda', 1, '2023-06-23 12:52:30', NULL),
(20, '00020', 'material del piso', 'material del piso de la vivienda', 1, '2023-06-23 12:52:30', NULL),
(21, '00021', 'material de la pared', 'material de la pared de la vivienda', 1, '2023-06-23 12:52:30', NULL),
(22, '00022', 'Lugar de Fallecimiento', 'Lugar de Fallecimiento del familiar del Beneficiario', 1, '2023-07-06 02:28:48', NULL);

-- --------------------------------------------------------

--
-- Estructura de tabla para la tabla `convivenciafamiliares`
--

DROP TABLE IF EXISTS `convivenciafamiliares`;
CREATE TABLE IF NOT EXISTS `convivenciafamiliares` (
  `id` int(11) NOT NULL AUTO_INCREMENT,
  `ficha_id` int(11) NOT NULL,
  `concepto` varchar(200) DEFAULT NULL,
  `conceptodetalle_id` int(11) NOT NULL,
  `nombreconceptodetalle` varchar(200) DEFAULT NULL,
  `activo` smallint(6) NOT NULL DEFAULT '1',
  `usercrea` int(10) UNSIGNED NOT NULL,
  `fechacrea` date NOT NULL,
  `usermod` int(10) UNSIGNED DEFAULT NULL,
  `fechamod` date DEFAULT NULL,
  `created_at` timestamp NULL DEFAULT CURRENT_TIMESTAMP,
  `updated_at` timestamp NULL DEFAULT NULL,
  PRIMARY KEY (`id`)
) ENGINE=MyISAM AUTO_INCREMENT=22 DEFAULT CHARSET=latin1;

--
-- Volcado de datos para la tabla `convivenciafamiliares`
--

INSERT INTO `convivenciafamiliares` (`id`, `ficha_id`, `concepto`, `conceptodetalle_id`, `nombreconceptodetalle`, `activo`, `usercrea`, `fechacrea`, `usermod`, `fechamod`, `created_at`, `updated_at`) VALUES
(1, 1, 'tipoviolenciaabuelo', 73, 'Psicológica', 1, 1, '2023-07-06', 1, '2023-07-06', '2023-07-06 13:50:12', NULL),
(2, 1, 'tipoviolenciageneral', 74, 'Sexual', 1, 1, '2023-07-06', 1, '2023-07-06', '2023-07-06 13:50:43', NULL),
(3, 1, 'tipoviolenciageneral', 75, 'Económica', 1, 1, '2023-07-06', 1, '2023-07-06', '2023-07-06 13:50:43', NULL),
(4, 4, 'tipoviolenciaabuelo', 73, 'Psicológica', 0, 1, '2023-07-07', NULL, NULL, '2023-07-07 09:26:34', '2023-07-07 09:30:31'),
(5, 4, 'tipoviolenciageneral', 74, 'Sexual', 0, 1, '2023-07-07', NULL, NULL, '2023-07-07 09:26:34', '2023-07-07 09:30:31'),
(6, 4, 'tipoviolenciageneral', 75, 'Económica', 0, 1, '2023-07-07', NULL, NULL, '2023-07-07 09:26:34', '2023-07-07 09:30:31'),
(7, 12, 'tipoviolenciaabuelo', 73, 'Psicológica', 1, 1, '2023-07-10', NULL, NULL, '2023-07-10 08:03:00', NULL),
(8, 12, 'tipoviolenciageneral', 74, 'Sexual', 1, 1, '2023-07-10', NULL, NULL, '2023-07-10 08:03:00', NULL),
(9, 12, 'tipoviolenciageneral', 75, 'Económica', 1, 1, '2023-07-10', NULL, NULL, '2023-07-10 08:03:00', NULL),
(10, 18, 'tipoviolenciaabuelo', 73, 'Psicológica', 1, 1, '2023-07-11', NULL, NULL, '2023-07-11 14:07:02', NULL),
(11, 18, 'tipoviolenciageneral', 74, 'Sexual', 1, 1, '2023-07-11', NULL, NULL, '2023-07-11 14:07:02', NULL),
(12, 18, 'tipoviolenciageneral', 75, 'Económica', 1, 1, '2023-07-11', NULL, NULL, '2023-07-11 14:07:02', NULL),
(13, 20, 'tipoviolenciaabuelo', 73, 'Psicológica', 1, 1, '2023-07-11', NULL, NULL, '2023-07-11 14:56:48', NULL),
(14, 20, 'tipoviolenciageneral', 74, 'Sexual', 1, 1, '2023-07-11', NULL, NULL, '2023-07-11 14:56:48', NULL),
(15, 20, 'tipoviolenciageneral', 75, 'Económica', 1, 1, '2023-07-11', NULL, NULL, '2023-07-11 14:56:48', NULL),
(16, 22, 'tipoviolenciaabuelo', 73, 'Psicológica', 1, 1, '2023-07-12', NULL, NULL, '2023-07-12 16:41:03', NULL),
(17, 22, 'tipoviolenciageneral', 74, 'Sexual', 1, 1, '2023-07-12', NULL, NULL, '2023-07-12 16:41:03', NULL),
(18, 22, 'tipoviolenciageneral', 75, 'Económica', 1, 1, '2023-07-12', NULL, NULL, '2023-07-12 16:41:03', NULL),
(19, 25, 'tipoviolenciaabuelo', 73, 'Psicológica', 1, 1, '2023-07-15', NULL, NULL, '2023-07-15 08:41:44', NULL),
(20, 25, 'tipoviolenciageneral', 74, 'Sexual', 1, 1, '2023-07-15', NULL, NULL, '2023-07-15 08:41:44', NULL),
(21, 25, 'tipoviolenciageneral', 75, 'Económica', 1, 1, '2023-07-15', NULL, NULL, '2023-07-15 08:41:44', NULL);

-- --------------------------------------------------------

--
-- Estructura de tabla para la tabla `departamentos`
--

DROP TABLE IF EXISTS `departamentos`;
CREATE TABLE IF NOT EXISTS `departamentos` (
  `id` int(10) UNSIGNED NOT NULL AUTO_INCREMENT,
  `codigo` varchar(200) COLLATE utf8mb4_unicode_ci NOT NULL,
  `descripcion` varchar(200) COLLATE utf8mb4_unicode_ci NOT NULL,
  `activo` tinyint(1) NOT NULL DEFAULT '1',
  `created_at` timestamp NULL DEFAULT CURRENT_TIMESTAMP,
  `updated_at` timestamp NULL DEFAULT NULL,
  PRIMARY KEY (`id`)
) ENGINE=MyISAM AUTO_INCREMENT=26 DEFAULT CHARSET=utf8mb4 COLLATE=utf8mb4_unicode_ci;

--
-- Volcado de datos para la tabla `departamentos`
--

INSERT INTO `departamentos` (`id`, `codigo`, `descripcion`, `activo`, `created_at`, `updated_at`) VALUES
(1, '01', 'AMAZONAS', 1, '2023-06-21 18:42:39', NULL),
(2, '02', 'ANCASH', 1, '2023-06-21 18:42:39', NULL),
(3, '03', 'APURIMAC', 1, '2023-06-21 18:42:39', NULL),
(4, '04', 'AREQUIPA', 1, '2023-06-21 18:42:39', NULL),
(5, '05', 'AYACUCHO', 1, '2023-06-21 18:42:39', NULL),
(6, '06', 'CAJAMARCA', 1, '2023-06-21 18:42:39', NULL),
(7, '07', 'CUSCO', 1, '2023-06-21 18:42:39', NULL),
(8, '08', 'HUANCAVELICA', 1, '2023-06-21 18:42:39', NULL),
(9, '09', 'HUANUCO', 1, '2023-06-21 18:42:39', NULL),
(10, '10', 'ICA', 1, '2023-06-21 18:42:39', NULL),
(11, '11', 'JUNIN', 1, '2023-06-21 18:42:39', NULL),
(12, '12', 'LA LIBERTAD', 1, '2023-06-21 18:42:39', NULL),
(13, '13', 'LAMBAYEQUE', 1, '2023-06-21 18:42:39', NULL),
(14, '14', 'LIMA', 1, '2023-06-21 18:42:39', NULL),
(15, '15', 'LORETO', 1, '2023-06-21 18:42:39', NULL),
(16, '16', 'MADRE DE DIOS', 1, '2023-06-21 18:42:39', NULL),
(17, '17', 'MOQUEGUA', 1, '2023-06-21 18:42:39', NULL),
(18, '18', 'PASCO', 1, '2023-06-21 18:42:39', NULL),
(19, '19', 'PIURA', 1, '2023-06-21 18:42:39', NULL),
(20, '20', 'PUNO', 1, '2023-06-21 18:42:39', NULL),
(21, '21', 'SAN MARTIN', 1, '2023-06-21 18:42:39', NULL),
(22, '22', 'TACNA', 1, '2023-06-21 18:42:39', NULL),
(23, '23', 'TUMBES', 1, '2023-06-21 18:42:39', NULL),
(24, '24', 'PROV. CONST. DEL CALLAO', 1, '2023-06-21 18:42:40', NULL),
(25, '25', 'UCAYALI', 1, '2023-06-21 18:42:40', NULL);

-- --------------------------------------------------------

--
-- Estructura de tabla para la tabla `detalleconceptos`
--

DROP TABLE IF EXISTS `detalleconceptos`;
CREATE TABLE IF NOT EXISTS `detalleconceptos` (
  `id` int(10) UNSIGNED NOT NULL AUTO_INCREMENT,
  `concepto_id` int(10) UNSIGNED NOT NULL,
  `nombre` varchar(200) COLLATE utf8mb4_unicode_ci NOT NULL,
  `activo` tinyint(1) NOT NULL DEFAULT '1',
  `created_at` timestamp NULL DEFAULT CURRENT_TIMESTAMP,
  `updated_at` timestamp NULL DEFAULT NULL,
  PRIMARY KEY (`id`)
) ENGINE=MyISAM AUTO_INCREMENT=106 DEFAULT CHARSET=utf8mb4 COLLATE=utf8mb4_unicode_ci;

--
-- Volcado de datos para la tabla `detalleconceptos`
--

INSERT INTO `detalleconceptos` (`id`, `concepto_id`, `nombre`, `activo`, `created_at`, `updated_at`) VALUES
(1, 1, 'Padre', 1, '2023-06-22 07:42:15', NULL),
(2, 1, 'Madre', 1, '2023-06-22 07:42:15', NULL),
(3, 1, 'Hijo(a)', 1, '2023-06-22 07:42:15', NULL),
(4, 1, 'Hermano(a)', 1, '2023-06-22 07:42:15', NULL),
(5, 1, 'Tio(a)', 1, '2023-06-22 07:42:15', NULL),
(6, 1, 'Primo(a)', 1, '2023-06-22 07:42:15', NULL),
(7, 1, 'Sobrino(a)', 1, '2023-06-22 07:42:15', NULL),
(8, 2, 'Soltero(a)', 1, '2023-06-22 07:45:23', NULL),
(9, 2, 'Conviviente', 1, '2023-06-22 10:36:24', NULL),
(10, 2, 'Casado(a)', 1, '2023-06-22 10:36:24', NULL),
(11, 2, 'Viudo(a)', 1, '2023-06-22 10:36:24', NULL),
(12, 2, 'Divorciado(a)', 1, '2023-06-22 10:36:24', NULL),
(13, 2, 'Separado(a)', 1, '2023-06-22 10:36:24', NULL),
(14, 3, 'Ninguno', 1, '2023-06-22 10:36:24', NULL),
(15, 3, 'Prim.Completa', 1, '2023-06-22 10:36:24', NULL),
(16, 3, 'Prim.Incompleta', 1, '2023-06-22 10:36:24', NULL),
(17, 3, 'Sec.Completa', 1, '2023-06-22 10:36:24', NULL),
(18, 3, 'Sec.Incompleta', 1, '2023-06-22 10:36:24', NULL),
(19, 3, 'Sup.Univers.', 1, '2023-06-22 10:36:24', NULL),
(20, 3, 'Sup.No Univers.', 1, '2023-06-22 10:36:24', NULL),
(21, 3, 'Otros', 1, '2023-06-22 10:36:24', NULL),
(22, 4, 'SIS', 1, '2023-06-22 10:36:24', NULL),
(23, 4, 'ESSALUD', 1, '2023-06-22 10:36:24', NULL),
(24, 4, 'EPS', 1, '2023-06-22 10:36:24', NULL),
(25, 4, 'SSP', 1, '2023-06-22 10:36:24', NULL),
(26, 5, 'Física', 1, '2023-06-22 10:36:24', NULL),
(27, 5, 'Sensorial', 1, '2023-06-22 10:36:24', NULL),
(28, 5, 'Mental', 1, '2023-06-22 10:36:24', NULL),
(29, 5, 'Intelectual', 1, '2023-06-22 10:36:24', NULL),
(30, 6, 'Leve', 1, '2023-06-22 10:36:24', NULL),
(31, 6, 'Moderada', 1, '2023-06-22 10:36:24', NULL),
(32, 6, 'Severa', 1, '2023-06-22 10:36:24', NULL),
(33, 9, 'Automóvil', 1, '2023-06-22 10:36:24', NULL),
(34, 9, 'Camión', 1, '2023-06-22 10:36:24', NULL),
(35, 9, 'Tractor Agrícola', 1, '2023-06-22 10:36:24', NULL),
(36, 9, 'Refrigeradora', 1, '2023-06-22 10:36:24', NULL),
(37, 9, 'Computadora', 1, '2023-06-22 10:36:24', NULL),
(38, 9, 'Lavadora', 1, '2023-06-22 10:36:24', NULL),
(39, 9, 'Horno Micro.', 1, '2023-06-22 10:36:24', NULL),
(40, 9, 'Cocina a gas', 1, '2023-06-22 10:36:24', NULL),
(41, 9, 'Equipos de Son.', 1, '2023-06-22 10:36:24', NULL),
(42, 9, 'Otros', 1, '2023-06-22 10:36:24', NULL),
(43, 10, 'QALIWARMA', 1, '2023-06-22 23:19:18', NULL),
(44, 10, 'CONADIS', 1, '2023-06-22 23:19:18', NULL),
(45, 10, 'Juntos', 1, '2023-06-22 23:19:18', NULL),
(46, 10, 'Pensión 65', 1, '2023-06-22 23:19:18', NULL),
(47, 10, 'Vaso de leche', 1, '2023-06-22 23:19:18', NULL),
(48, 11, 'Propia ', 1, '2023-06-22 23:19:18', NULL),
(49, 11, 'Alquilada ', 1, '2023-06-22 23:19:18', NULL),
(50, 11, 'Cuidador', 1, '2023-06-22 23:19:18', NULL),
(51, 12, 'Tit.Propiedad y/o Escrit.Publ.', 1, '2023-06-22 23:19:18', NULL),
(52, 12, 'Constancia de Posesión', 1, '2023-06-22 23:19:18', NULL),
(53, 12, 'Otro', 1, '2023-06-22 23:19:18', NULL),
(54, 21, 'Ladrillo', 1, '2023-06-22 23:19:18', NULL),
(55, 21, 'Adobe', 1, '2023-06-22 23:19:18', NULL),
(56, 21, 'Quincha', 1, '2023-06-22 23:19:18', NULL),
(57, 21, 'Esteras', 1, '2023-06-22 23:19:18', NULL),
(58, 21, 'Plástico', 1, '2023-06-22 23:19:18', NULL),
(59, 14, 'Luz ', 1, '2023-06-22 23:19:18', NULL),
(60, 14, 'Agua', 1, '2023-06-22 23:19:18', NULL),
(61, 14, 'Agua y luz', 0, '2023-06-22 23:19:18', NULL),
(62, 14, 'gas', 1, '2023-06-22 23:19:18', NULL),
(63, 14, 'Internet', 1, '2023-06-22 23:19:18', NULL),
(64, 14, 'Cable', 1, '2023-06-22 23:19:18', NULL),
(65, 15, 'Red Públ.Dentro de casa', 1, '2023-06-22 23:19:18', NULL),
(66, 15, 'Red Públ.Fuera de casa', 1, '2023-06-22 23:19:18', NULL),
(67, 15, 'Pozo artesanal / Pilón', 1, '2023-06-22 23:19:18', NULL),
(68, 15, 'Cisterna', 1, '2023-06-22 23:19:18', NULL),
(69, 16, 'Serv.Dentro de casa', 1, '2023-06-22 23:19:18', NULL),
(70, 16, 'Serv.Fuera de casa', 1, '2023-06-22 23:19:18', NULL),
(71, 16, 'Pozo ciego / Letrina', 1, '2023-06-22 23:19:18', NULL),
(72, 17, 'Física', 1, '2023-06-22 23:19:18', NULL),
(73, 17, 'Psicológica', 1, '2023-06-22 23:19:18', NULL),
(74, 17, 'Sexual', 1, '2023-06-22 23:19:18', NULL),
(75, 17, 'Económica', 1, '2023-06-22 23:19:18', NULL),
(76, 18, 'DEMUNA', 1, '2023-06-22 23:19:18', NULL),
(77, 18, 'Juez de paz', 1, '2023-06-22 23:19:18', NULL),
(78, 18, 'Policía', 1, '2023-06-22 23:19:18', NULL),
(79, 18, 'CEM', 1, '2023-06-22 23:19:18', NULL),
(80, 18, 'Otra', 1, '2023-06-22 23:19:18', NULL),
(81, 10, 'FONCODES', 1, '2023-06-22 23:19:18', NULL),
(82, 10, 'Contigo', 1, '2023-06-22 23:19:18', NULL),
(83, 10, 'CUNA MAS', 1, '2023-06-22 23:19:18', NULL),
(84, 10, 'CIAM', 1, '2023-06-22 23:19:18', NULL),
(85, 19, 'Concreto armado', 1, '2023-06-22 23:19:18', NULL),
(86, 19, 'Caña y barro', 1, '2023-06-22 23:19:18', NULL),
(87, 19, 'Esteras', 1, '2023-06-22 23:19:18', NULL),
(88, 19, 'Calaminas', 1, '2023-06-22 23:19:18', NULL),
(89, 19, 'Eternit', 1, '2023-06-22 23:19:18', NULL),
(90, 19, 'Otro', 1, '2023-06-22 23:19:18', NULL),
(91, 20, 'Cemento ', 1, '2023-06-22 23:19:18', NULL),
(92, 20, 'Adobe', 1, '2023-06-22 23:19:18', NULL),
(93, 20, 'Tierra', 1, '2023-06-22 23:19:18', NULL),
(94, 20, 'Arena', 1, '2023-06-22 23:19:18', NULL),
(95, 20, 'Madera', 1, '2023-06-22 23:19:18', NULL),
(96, 20, 'Cerámico', 1, '2023-06-22 23:19:18', NULL),
(97, 1, 'fffff', 0, '2023-07-05 09:38:13', '2023-07-05 09:38:33'),
(98, 22, 'Hospital', 1, '2023-07-05 14:33:31', NULL),
(99, 22, 'Casa', 1, '2023-07-05 14:33:49', NULL),
(100, 22, 'Otro', 1, '2023-07-05 14:34:06', NULL),
(101, 8, 'Diaria', 1, '2023-07-06 10:14:34', NULL),
(102, 8, 'Inter diaria', 1, '2023-07-06 10:14:51', NULL),
(103, 8, 'Semanal', 1, '2023-07-06 10:16:18', NULL),
(104, 8, 'Quincenal', 1, '2023-07-06 10:16:28', NULL),
(105, 8, 'Mensual', 1, '2023-07-06 10:16:44', NULL);

-- --------------------------------------------------------

--
-- Estructura de tabla para la tabla `distritos`
--

DROP TABLE IF EXISTS `distritos`;
CREATE TABLE IF NOT EXISTS `distritos` (
  `id` int(10) UNSIGNED NOT NULL AUTO_INCREMENT,
  `codigo` varchar(200) COLLATE utf8mb4_unicode_ci NOT NULL,
  `descripcion` varchar(200) COLLATE utf8mb4_unicode_ci NOT NULL,
  `codigodeptamento` varchar(200) COLLATE utf8mb4_unicode_ci NOT NULL,
  `codigoprovincia` varchar(200) COLLATE utf8mb4_unicode_ci NOT NULL,
  `codigodistrito` varchar(200) COLLATE utf8mb4_unicode_ci NOT NULL,
  `provincia_id` int(10) UNSIGNED NOT NULL,
  `activo` tinyint(1) NOT NULL DEFAULT '1',
  `created_at` timestamp NULL DEFAULT CURRENT_TIMESTAMP,
  `updated_at` timestamp NULL DEFAULT NULL,
  PRIMARY KEY (`id`)
) ENGINE=MyISAM AUTO_INCREMENT=1836 DEFAULT CHARSET=utf8mb4 COLLATE=utf8mb4_unicode_ci;

--
-- Volcado de datos para la tabla `distritos`
--

INSERT INTO `distritos` (`id`, `codigo`, `descripcion`, `codigodeptamento`, `codigoprovincia`, `codigodistrito`, `provincia_id`, `activo`, `created_at`, `updated_at`) VALUES
(1, '010101', 'CHACHAPOYAS', '01', '01', '01', 1, 1, '2023-06-21 19:56:28', NULL),
(2, '010102', 'ASUNCION', '01', '01', '02', 1, 1, '2023-06-21 19:56:28', NULL),
(3, '010103', 'BALSAS', '01', '01', '03', 1, 1, '2023-06-21 19:56:28', NULL),
(4, '010104', 'CHETO', '01', '01', '04', 1, 1, '2023-06-21 19:56:28', NULL),
(5, '010105', 'CHILIQUIN', '01', '01', '05', 1, 1, '2023-06-21 19:56:28', NULL),
(6, '010106', 'CHUQUIBAMBA', '01', '01', '06', 1, 1, '2023-06-21 19:56:28', NULL),
(7, '010107', 'GRANADA', '01', '01', '07', 1, 1, '2023-06-21 19:56:28', NULL),
(8, '010108', 'HUANCAS', '01', '01', '08', 1, 1, '2023-06-21 19:56:28', NULL),
(9, '010109', 'LA JALCA', '01', '01', '09', 1, 1, '2023-06-21 19:56:28', NULL),
(10, '010110', 'LEIMEBAMBA', '01', '01', '10', 1, 1, '2023-06-21 19:56:28', NULL),
(11, '010111', 'LEVANTO', '01', '01', '11', 1, 1, '2023-06-21 19:56:28', NULL),
(12, '010112', 'MAGDALENA', '01', '01', '12', 1, 1, '2023-06-21 19:56:28', NULL),
(13, '010113', 'MARISCAL CASTILLA', '01', '01', '13', 1, 1, '2023-06-21 19:56:28', NULL),
(14, '010114', 'MOLINOPAMPA', '01', '01', '14', 1, 1, '2023-06-21 19:56:28', NULL),
(15, '010115', 'MONTEVIDEO', '01', '01', '15', 1, 1, '2023-06-21 19:56:28', NULL),
(16, '010116', 'OLLEROS', '01', '01', '16', 1, 1, '2023-06-21 19:56:28', NULL),
(17, '010117', 'QUINJALCA', '01', '01', '17', 1, 1, '2023-06-21 19:56:28', NULL),
(18, '010118', 'SAN FCO DE DAGUAS', '01', '01', '18', 1, 1, '2023-06-21 19:56:28', NULL),
(19, '010119', 'SAN ISIDRO DE MAINO', '01', '01', '19', 1, 1, '2023-06-21 19:56:28', NULL),
(20, '010120', 'SOLOCO', '01', '01', '20', 1, 1, '2023-06-21 19:56:28', NULL),
(21, '010121', 'SONCHE', '01', '01', '21', 1, 1, '2023-06-21 19:56:28', NULL),
(22, '010201', 'LA PECA', '01', '02', '01', 2, 1, '2023-06-21 19:56:28', NULL),
(23, '010202', 'ARAMANGO', '01', '02', '02', 2, 1, '2023-06-21 19:56:28', NULL),
(24, '010203', 'COPALLIN', '01', '02', '03', 2, 1, '2023-06-21 19:56:28', NULL),
(25, '010204', 'EL PARCO', '01', '02', '04', 2, 1, '2023-06-21 19:56:28', NULL),
(26, '010205', 'BAGUA', '01', '02', '05', 2, 1, '2023-06-21 19:56:28', NULL),
(27, '010206', 'IMAZA', '01', '02', '06', 2, 1, '2023-06-21 19:56:28', NULL),
(28, '010301', 'JUMBILLA', '01', '03', '01', 3, 1, '2023-06-21 19:56:28', NULL),
(29, '010302', 'COROSHA', '01', '03', '02', 3, 1, '2023-06-21 19:56:28', NULL),
(30, '010303', 'CUISPES', '01', '03', '03', 3, 1, '2023-06-21 19:56:28', NULL),
(31, '010304', 'CHISQUILLA', '01', '03', '04', 3, 1, '2023-06-21 19:56:28', NULL),
(32, '010305', 'CHURUJA', '01', '03', '05', 3, 1, '2023-06-21 19:56:28', NULL),
(33, '010306', 'FLORIDA', '01', '03', '06', 3, 1, '2023-06-21 19:56:28', NULL),
(34, '010307', 'RECTA', '01', '03', '07', 3, 1, '2023-06-21 19:56:28', NULL),
(35, '010308', 'SAN CARLOS', '01', '03', '08', 3, 1, '2023-06-21 19:56:28', NULL),
(36, '010309', 'SHIPASBAMBA', '01', '03', '09', 3, 1, '2023-06-21 19:56:28', NULL),
(37, '010310', 'VALERA', '01', '03', '10', 3, 1, '2023-06-21 19:56:28', NULL),
(38, '010311', 'YAMBRASBAMBA', '01', '03', '11', 3, 1, '2023-06-21 19:56:28', NULL),
(39, '010312', 'JAZAN', '01', '03', '12', 3, 1, '2023-06-21 19:56:28', NULL),
(40, '010401', 'LAMUD', '01', '04', '01', 4, 1, '2023-06-21 19:56:28', NULL),
(41, '010402', 'CAMPORREDONDO', '01', '04', '02', 4, 1, '2023-06-21 19:56:28', NULL),
(42, '010403', 'COCABAMBA', '01', '04', '03', 4, 1, '2023-06-21 19:56:28', NULL),
(43, '010404', 'COLCAMAR', '01', '04', '04', 4, 1, '2023-06-21 19:56:28', NULL),
(44, '010405', 'CONILA', '01', '04', '05', 4, 1, '2023-06-21 19:56:28', NULL),
(45, '010406', 'INGUILPATA', '01', '04', '06', 4, 1, '2023-06-21 19:56:28', NULL),
(46, '010407', 'LONGUITA', '01', '04', '07', 4, 1, '2023-06-21 19:56:28', NULL),
(47, '010408', 'LONYA CHICO', '01', '04', '08', 4, 1, '2023-06-21 19:56:28', NULL),
(48, '010409', 'LUYA', '01', '04', '09', 4, 1, '2023-06-21 19:56:28', NULL),
(49, '010410', 'LUYA VIEJO', '01', '04', '10', 4, 1, '2023-06-21 19:56:28', NULL),
(50, '010411', 'MARIA', '01', '04', '11', 4, 1, '2023-06-21 19:56:28', NULL),
(51, '010412', 'OCALLI', '01', '04', '12', 4, 1, '2023-06-21 19:56:28', NULL),
(52, '010413', 'OCUMAL', '01', '04', '13', 4, 1, '2023-06-21 19:56:28', NULL),
(53, '010414', 'PISUQUIA', '01', '04', '14', 4, 1, '2023-06-21 19:56:28', NULL),
(54, '010415', 'SAN CRISTOBAL', '01', '04', '15', 4, 1, '2023-06-21 19:56:28', NULL),
(55, '010416', 'SAN FRANCISCO DE YESO', '01', '04', '16', 4, 1, '2023-06-21 19:56:28', NULL),
(56, '010417', 'SAN JERONIMO', '01', '04', '17', 4, 1, '2023-06-21 19:56:28', NULL),
(57, '010418', 'SAN JUAN DE LOPECANCHA', '01', '04', '18', 4, 1, '2023-06-21 19:56:28', NULL),
(58, '010419', 'SANTA CATALINA', '01', '04', '19', 4, 1, '2023-06-21 19:56:28', NULL),
(59, '010420', 'SANTO TOMAS', '01', '04', '20', 4, 1, '2023-06-21 19:56:28', NULL),
(60, '010421', 'TINGO', '01', '04', '21', 4, 1, '2023-06-21 19:56:28', NULL),
(61, '010422', 'TRITA', '01', '04', '22', 4, 1, '2023-06-21 19:56:28', NULL),
(62, '010423', 'PROVIDENCIA', '01', '04', '23', 4, 1, '2023-06-21 19:56:28', NULL),
(63, '010501', 'SAN NICOLAS', '01', '05', '01', 5, 1, '2023-06-21 19:56:28', NULL),
(64, '010502', 'COCHAMAL', '01', '05', '02', 5, 1, '2023-06-21 19:56:28', NULL),
(65, '010503', 'CHIRIMOTO', '01', '05', '03', 5, 1, '2023-06-21 19:56:28', NULL),
(66, '010504', 'HUAMBO', '01', '05', '04', 5, 1, '2023-06-21 19:56:28', NULL),
(67, '010505', 'LIMABAMBA', '01', '05', '05', 5, 1, '2023-06-21 19:56:28', NULL),
(68, '010506', 'LONGAR', '01', '05', '06', 5, 1, '2023-06-21 19:56:28', NULL),
(69, '010507', 'MILPUC', '01', '05', '07', 5, 1, '2023-06-21 19:56:28', NULL),
(70, '010508', 'MCAL BENAVIDES', '01', '05', '08', 5, 1, '2023-06-21 19:56:28', NULL),
(71, '010509', 'OMIA', '01', '05', '09', 5, 1, '2023-06-21 19:56:28', NULL),
(72, '010510', 'SANTA ROSA', '01', '05', '10', 5, 1, '2023-06-21 19:56:28', NULL),
(73, '010511', 'TOTORA', '01', '05', '11', 5, 1, '2023-06-21 19:56:28', NULL),
(74, '010512', 'VISTA ALEGRE', '01', '05', '12', 5, 1, '2023-06-21 19:56:28', NULL),
(75, '010601', 'NIEVA', '01', '06', '01', 6, 1, '2023-06-21 19:56:28', NULL),
(76, '010602', 'RIO SANTIAGO', '01', '06', '02', 6, 1, '2023-06-21 19:56:28', NULL),
(77, '010603', 'EL CENEPA', '01', '06', '03', 6, 1, '2023-06-21 19:56:28', NULL),
(78, '010701', 'BAGUA GRANDE', '01', '07', '01', 7, 1, '2023-06-21 19:56:28', NULL),
(79, '010702', 'CAJARURO', '01', '07', '02', 7, 1, '2023-06-21 19:56:28', NULL),
(80, '010703', 'CUMBA', '01', '07', '03', 7, 1, '2023-06-21 19:56:28', NULL),
(81, '010704', 'EL MILAGRO', '01', '07', '04', 7, 1, '2023-06-21 19:56:28', NULL),
(82, '010705', 'JAMALCA', '01', '07', '05', 7, 1, '2023-06-21 19:56:28', NULL),
(83, '010706', 'LONYA GRANDE', '01', '07', '06', 7, 1, '2023-06-21 19:56:28', NULL),
(84, '010707', 'YAMON', '01', '07', '07', 7, 1, '2023-06-21 19:56:28', NULL),
(85, '020101', 'HUARAZ', '02', '01', '01', 8, 1, '2023-06-21 19:56:28', NULL),
(86, '020102', 'INDEPENDENCIA', '02', '01', '02', 8, 1, '2023-06-21 19:56:28', NULL),
(87, '020103', 'COCHABAMBA', '02', '01', '03', 8, 1, '2023-06-21 19:56:28', NULL),
(88, '020104', 'COLCABAMBA', '02', '01', '04', 8, 1, '2023-06-21 19:56:28', NULL),
(89, '020105', 'HUANCHAY', '02', '01', '05', 8, 1, '2023-06-21 19:56:28', NULL),
(90, '020106', 'JANGAS', '02', '01', '06', 8, 1, '2023-06-21 19:56:28', NULL),
(91, '020107', 'LA LIBERTAD', '02', '01', '07', 8, 1, '2023-06-21 19:56:28', NULL),
(92, '020108', 'OLLEROS', '02', '01', '08', 8, 1, '2023-06-21 19:56:28', NULL),
(93, '020109', 'PAMPAS', '02', '01', '09', 8, 1, '2023-06-21 19:56:28', NULL),
(94, '020110', 'PARIACOTO', '02', '01', '10', 8, 1, '2023-06-21 19:56:28', NULL),
(95, '020111', 'PIRA', '02', '01', '11', 8, 1, '2023-06-21 19:56:28', NULL),
(96, '020112', 'TARICA', '02', '01', '12', 8, 1, '2023-06-21 19:56:28', NULL),
(97, '020201', 'AIJA', '02', '02', '01', 9, 1, '2023-06-21 19:56:28', NULL),
(98, '020203', 'CORIS', '02', '02', '03', 9, 1, '2023-06-21 19:56:28', NULL),
(99, '020205', 'HUACLLAN', '02', '02', '05', 9, 1, '2023-06-21 19:56:28', NULL),
(100, '020206', 'LA MERCED', '02', '02', '06', 9, 1, '2023-06-21 19:56:28', NULL),
(101, '020208', 'SUCCHA', '02', '02', '08', 9, 1, '2023-06-21 19:56:28', NULL),
(102, '020301', 'CHIQUIAN', '02', '03', '01', 10, 1, '2023-06-21 19:56:28', NULL),
(103, '020302', 'A PARDO LEZAMETA', '02', '03', '02', 10, 1, '2023-06-21 19:56:28', NULL),
(104, '020304', 'AQUIA', '02', '03', '04', 10, 1, '2023-06-21 19:56:28', NULL),
(105, '020305', 'CAJACAY', '02', '03', '05', 10, 1, '2023-06-21 19:56:28', NULL),
(106, '020310', 'HUAYLLACAYAN', '02', '03', '10', 10, 1, '2023-06-21 19:56:28', NULL),
(107, '020311', 'HUASTA', '02', '03', '11', 10, 1, '2023-06-21 19:56:28', NULL),
(108, '020313', 'MANGAS', '02', '03', '13', 10, 1, '2023-06-21 19:56:28', NULL),
(109, '020315', 'PACLLON', '02', '03', '15', 10, 1, '2023-06-21 19:56:28', NULL),
(110, '020317', 'SAN MIGUEL DE CORPANQUI', '02', '03', '17', 10, 1, '2023-06-21 19:56:28', NULL),
(111, '020320', 'TICLLOS', '02', '03', '20', 10, 1, '2023-06-21 19:56:28', NULL),
(112, '020321', 'ANTONIO RAIMONDI', '02', '03', '21', 10, 1, '2023-06-21 19:56:28', NULL),
(113, '020322', 'CANIS', '02', '03', '22', 10, 1, '2023-06-21 19:56:28', NULL),
(114, '020323', 'COLQUIOC', '02', '03', '23', 10, 1, '2023-06-21 19:56:28', NULL),
(115, '020324', 'LA PRIMAVERA', '02', '03', '24', 10, 1, '2023-06-21 19:56:28', NULL),
(116, '020325', 'HUALLANCA', '02', '03', '25', 10, 1, '2023-06-21 19:56:28', NULL),
(117, '020401', 'CARHUAZ', '02', '04', '01', 11, 1, '2023-06-21 19:56:28', NULL),
(118, '020402', 'ACOPAMPA', '02', '04', '02', 11, 1, '2023-06-21 19:56:28', NULL),
(119, '020403', 'AMASHCA', '02', '04', '03', 11, 1, '2023-06-21 19:56:28', NULL),
(120, '020404', 'ANTA', '02', '04', '04', 11, 1, '2023-06-21 19:56:28', NULL),
(121, '020405', 'ATAQUERO', '02', '04', '05', 11, 1, '2023-06-21 19:56:28', NULL),
(122, '020406', 'MARCARA', '02', '04', '06', 11, 1, '2023-06-21 19:56:28', NULL),
(123, '020407', 'PARIAHUANCA', '02', '04', '07', 11, 1, '2023-06-21 19:56:28', NULL),
(124, '020408', 'SAN MIGUEL DE ACO', '02', '04', '08', 11, 1, '2023-06-21 19:56:28', NULL),
(125, '020409', 'SHILLA', '02', '04', '09', 11, 1, '2023-06-21 19:56:28', NULL),
(126, '020410', 'TINCO', '02', '04', '10', 11, 1, '2023-06-21 19:56:28', NULL),
(127, '020411', 'YUNGAR', '02', '04', '11', 11, 1, '2023-06-21 19:56:28', NULL),
(128, '020501', 'CASMA', '02', '05', '01', 12, 1, '2023-06-21 19:56:28', NULL),
(129, '020502', 'BUENA VISTA ALTA', '02', '05', '02', 12, 1, '2023-06-21 19:56:28', NULL),
(130, '020503', 'COMANDANTE NOEL', '02', '05', '03', 12, 1, '2023-06-21 19:56:28', NULL),
(131, '020505', 'YAUTAN', '02', '05', '05', 12, 1, '2023-06-21 19:56:28', NULL),
(132, '020601', 'CORONGO', '02', '06', '01', 13, 1, '2023-06-21 19:56:28', NULL),
(133, '020602', 'ACO', '02', '06', '02', 13, 1, '2023-06-21 19:56:28', NULL),
(134, '020603', 'BAMBAS', '02', '06', '03', 13, 1, '2023-06-21 19:56:28', NULL),
(135, '020604', 'CUSCA', '02', '06', '04', 13, 1, '2023-06-21 19:56:28', NULL),
(136, '020605', 'LA PAMPA', '02', '06', '05', 13, 1, '2023-06-21 19:56:28', NULL),
(137, '020606', 'YANAC', '02', '06', '06', 13, 1, '2023-06-21 19:56:28', NULL),
(138, '020607', 'YUPAN', '02', '06', '07', 13, 1, '2023-06-21 19:56:28', NULL),
(139, '020701', 'CARAZ', '02', '07', '01', 14, 1, '2023-06-21 19:56:28', NULL),
(140, '020702', 'HUALLANCA', '02', '07', '02', 14, 1, '2023-06-21 19:56:28', NULL),
(141, '020703', 'HUATA', '02', '07', '03', 14, 1, '2023-06-21 19:56:28', NULL),
(142, '020704', 'HUAYLAS', '02', '07', '04', 14, 1, '2023-06-21 19:56:28', NULL),
(143, '020705', 'MATO', '02', '07', '05', 14, 1, '2023-06-21 19:56:28', NULL),
(144, '020706', 'PAMPAROMAS', '02', '07', '06', 14, 1, '2023-06-21 19:56:28', NULL),
(145, '020707', 'PUEBLO LIBRE', '02', '07', '07', 14, 1, '2023-06-21 19:56:28', NULL),
(146, '020708', 'SANTA CRUZ', '02', '07', '08', 14, 1, '2023-06-21 19:56:28', NULL),
(147, '020709', 'YURACMARCA', '02', '07', '09', 14, 1, '2023-06-21 19:56:28', NULL),
(148, '020710', 'SANTO TORIBIO', '02', '07', '10', 14, 1, '2023-06-21 19:56:28', NULL),
(149, '020801', 'HUARI', '02', '08', '01', 15, 1, '2023-06-21 19:56:28', NULL),
(150, '020802', 'CAJAY', '02', '08', '02', 15, 1, '2023-06-21 19:56:28', NULL),
(151, '020803', 'CHAVIN DE HUANTAR', '02', '08', '03', 15, 1, '2023-06-21 19:56:28', NULL),
(152, '020804', 'HUACACHI', '02', '08', '04', 15, 1, '2023-06-21 19:56:28', NULL),
(153, '020805', 'HUACHIS', '02', '08', '05', 15, 1, '2023-06-21 19:56:28', NULL),
(154, '020806', 'HUACCHIS', '02', '08', '06', 15, 1, '2023-06-21 19:56:28', NULL),
(155, '020807', 'HUANTAR', '02', '08', '07', 15, 1, '2023-06-21 19:56:28', NULL),
(156, '020808', 'MASIN', '02', '08', '08', 15, 1, '2023-06-21 19:56:28', NULL),
(157, '020809', 'PAUCAS', '02', '08', '09', 15, 1, '2023-06-21 19:56:28', NULL),
(158, '020810', 'PONTO', '02', '08', '10', 15, 1, '2023-06-21 19:56:28', NULL),
(159, '020811', 'RAHUAPAMPA', '02', '08', '11', 15, 1, '2023-06-21 19:56:28', NULL),
(160, '020812', 'RAPAYAN', '02', '08', '12', 15, 1, '2023-06-21 19:56:28', NULL),
(161, '020813', 'SAN MARCOS', '02', '08', '13', 15, 1, '2023-06-21 19:56:28', NULL),
(162, '020814', 'SAN PEDRO DE CHANA', '02', '08', '14', 15, 1, '2023-06-21 19:56:28', NULL),
(163, '020815', 'UCO', '02', '08', '15', 15, 1, '2023-06-21 19:56:28', NULL),
(164, '020816', 'ANRA', '02', '08', '16', 15, 1, '2023-06-21 19:56:28', NULL),
(165, '020901', 'PISCOBAMBA', '02', '09', '01', 16, 1, '2023-06-21 19:56:28', NULL),
(166, '020902', 'CASCA', '02', '09', '02', 16, 1, '2023-06-21 19:56:28', NULL),
(167, '020903', 'LUCMA', '02', '09', '03', 16, 1, '2023-06-21 19:56:28', NULL),
(168, '020904', 'FIDEL OLIVAS ESCUDERO', '02', '09', '04', 16, 1, '2023-06-21 19:56:28', NULL),
(169, '020905', 'LLAMA', '02', '09', '05', 16, 1, '2023-06-21 19:56:28', NULL),
(170, '020906', 'LLUMPA', '02', '09', '06', 16, 1, '2023-06-21 19:56:28', NULL),
(171, '020907', 'MUSGA', '02', '09', '07', 16, 1, '2023-06-21 19:56:28', NULL),
(172, '020908', 'ELEAZAR GUZMAN BARRON', '02', '09', '08', 16, 1, '2023-06-21 19:56:28', NULL),
(173, '021001', 'CABANA', '02', '10', '01', 17, 1, '2023-06-21 19:56:28', NULL),
(174, '021002', 'BOLOGNESI', '02', '10', '02', 17, 1, '2023-06-21 19:56:28', NULL),
(175, '021003', 'CONCHUCOS', '02', '10', '03', 17, 1, '2023-06-21 19:56:28', NULL),
(176, '021004', 'HUACASCHUQUE', '02', '10', '04', 17, 1, '2023-06-21 19:56:28', NULL),
(177, '021005', 'HUANDOVAL', '02', '10', '05', 17, 1, '2023-06-21 19:56:28', NULL),
(178, '021006', 'LACABAMBA', '02', '10', '06', 17, 1, '2023-06-21 19:56:28', NULL),
(179, '021007', 'LLAPO', '02', '10', '07', 17, 1, '2023-06-21 19:56:28', NULL),
(180, '021008', 'PALLASCA', '02', '10', '08', 17, 1, '2023-06-21 19:56:28', NULL),
(181, '021009', 'PAMPAS', '02', '10', '09', 17, 1, '2023-06-21 19:56:28', NULL),
(182, '021010', 'SANTA ROSA', '02', '10', '10', 17, 1, '2023-06-21 19:56:28', NULL),
(183, '021011', 'TAUCA', '02', '10', '11', 17, 1, '2023-06-21 19:56:28', NULL),
(184, '021101', 'POMABAMBA', '02', '11', '01', 18, 1, '2023-06-21 19:56:28', NULL),
(185, '021102', 'HUAYLLAN', '02', '11', '02', 18, 1, '2023-06-21 19:56:28', NULL),
(186, '021103', 'PAROBAMBA', '02', '11', '03', 18, 1, '2023-06-21 19:56:28', NULL),
(187, '021104', 'QUINUABAMBA', '02', '11', '04', 18, 1, '2023-06-21 19:56:28', NULL),
(188, '021201', 'RECUAY', '02', '12', '01', 19, 1, '2023-06-21 19:56:28', NULL),
(189, '021202', 'COTAPARACO', '02', '12', '02', 19, 1, '2023-06-21 19:56:28', NULL),
(190, '021203', 'HUAYLLAPAMPA', '02', '12', '03', 19, 1, '2023-06-21 19:56:28', NULL),
(191, '021204', 'MARCA', '02', '12', '04', 19, 1, '2023-06-21 19:56:28', NULL),
(192, '021205', 'PAMPAS CHICO', '02', '12', '05', 19, 1, '2023-06-21 19:56:28', NULL),
(193, '021206', 'PARARIN', '02', '12', '06', 19, 1, '2023-06-21 19:56:28', NULL),
(194, '021207', 'TAPACOCHA', '02', '12', '07', 19, 1, '2023-06-21 19:56:28', NULL),
(195, '021208', 'TICAPAMPA', '02', '12', '08', 19, 1, '2023-06-21 19:56:28', NULL),
(196, '021209', 'LLACLLIN', '02', '12', '09', 19, 1, '2023-06-21 19:56:28', NULL),
(197, '021210', 'CATAC', '02', '12', '10', 19, 1, '2023-06-21 19:56:28', NULL),
(198, '021301', 'CHIMBOTE', '02', '13', '01', 20, 1, '2023-06-21 19:56:28', NULL),
(199, '021302', 'CACERES DEL PERU', '02', '13', '02', 20, 1, '2023-06-21 19:56:28', NULL),
(200, '021303', 'MACATE', '02', '13', '03', 20, 1, '2023-06-21 19:56:28', NULL),
(201, '021304', 'MORO', '02', '13', '04', 20, 1, '2023-06-21 19:56:28', NULL),
(202, '021305', 'NEPENA', '02', '13', '05', 20, 1, '2023-06-21 19:56:28', NULL),
(203, '021306', 'SAMANCO', '02', '13', '06', 20, 1, '2023-06-21 19:56:28', NULL),
(204, '021307', 'SANTA', '02', '13', '07', 20, 1, '2023-06-21 19:56:28', NULL),
(205, '021308', 'COISHCO', '02', '13', '08', 20, 1, '2023-06-21 19:56:28', NULL),
(206, '021309', 'NUEVO CHIMBOTE', '02', '13', '09', 20, 1, '2023-06-21 19:56:28', NULL),
(207, '021401', 'SIHUAS', '02', '14', '01', 21, 1, '2023-06-21 19:56:28', NULL),
(208, '021402', 'ALFONSO UGARTE', '02', '14', '02', 21, 1, '2023-06-21 19:56:28', NULL),
(209, '021403', 'CHINGALPO', '02', '14', '03', 21, 1, '2023-06-21 19:56:28', NULL),
(210, '021404', 'HUAYLLABAMBA', '02', '14', '04', 21, 1, '2023-06-21 19:56:28', NULL),
(211, '021405', 'QUICHES', '02', '14', '05', 21, 1, '2023-06-21 19:56:28', NULL),
(212, '021406', 'SICSIBAMBA', '02', '14', '06', 21, 1, '2023-06-21 19:56:28', NULL),
(213, '021407', 'ACOBAMBA', '02', '14', '07', 21, 1, '2023-06-21 19:56:28', NULL),
(214, '021408', 'CASHAPAMPA', '02', '14', '08', 21, 1, '2023-06-21 19:56:28', NULL),
(215, '021409', 'RAGASH', '02', '14', '09', 21, 1, '2023-06-21 19:56:28', NULL),
(216, '021410', 'SAN JUAN', '02', '14', '10', 21, 1, '2023-06-21 19:56:28', NULL),
(217, '021501', 'YUNGAY', '02', '15', '01', 22, 1, '2023-06-21 19:56:28', NULL),
(218, '021502', 'CASCAPARA', '02', '15', '02', 22, 1, '2023-06-21 19:56:28', NULL),
(219, '021503', 'MANCOS', '02', '15', '03', 22, 1, '2023-06-21 19:56:28', NULL),
(220, '021504', 'MATACOTO', '02', '15', '04', 22, 1, '2023-06-21 19:56:28', NULL),
(221, '021505', 'QUILLO', '02', '15', '05', 22, 1, '2023-06-21 19:56:28', NULL),
(222, '021506', 'RANRAHIRCA', '02', '15', '06', 22, 1, '2023-06-21 19:56:28', NULL),
(223, '021507', 'SHUPLUY', '02', '15', '07', 22, 1, '2023-06-21 19:56:28', NULL),
(224, '021508', 'YANAMA', '02', '15', '08', 22, 1, '2023-06-21 19:56:28', NULL),
(225, '021601', 'LLAMELLIN', '02', '16', '01', 23, 1, '2023-06-21 19:56:28', NULL),
(226, '021602', 'ACZO', '02', '16', '02', 23, 1, '2023-06-21 19:56:28', NULL),
(227, '021603', 'CHACCHO', '02', '16', '03', 23, 1, '2023-06-21 19:56:28', NULL),
(228, '021604', 'CHINGAS', '02', '16', '04', 23, 1, '2023-06-21 19:56:28', NULL),
(229, '021605', 'MIRGAS', '02', '16', '05', 23, 1, '2023-06-21 19:56:28', NULL),
(230, '021606', 'SAN JUAN DE RONTOY', '02', '16', '06', 23, 1, '2023-06-21 19:56:28', NULL),
(231, '021701', 'SAN LUIS', '02', '17', '01', 24, 1, '2023-06-21 19:56:28', NULL),
(232, '021702', 'YAUYA', '02', '17', '02', 24, 1, '2023-06-21 19:56:28', NULL),
(233, '021703', 'SAN NICOLAS', '02', '17', '03', 24, 1, '2023-06-21 19:56:28', NULL),
(234, '021801', 'CHACAS', '02', '18', '01', 25, 1, '2023-06-21 19:56:28', NULL),
(235, '021802', 'ACOCHACA', '02', '18', '02', 25, 1, '2023-06-21 19:56:28', NULL),
(236, '021901', 'HUARMEY', '02', '19', '01', 26, 1, '2023-06-21 19:56:28', NULL),
(237, '021902', 'COCHAPETI', '02', '19', '02', 26, 1, '2023-06-21 19:56:28', NULL),
(238, '021903', 'HUAYAN', '02', '19', '03', 26, 1, '2023-06-21 19:56:28', NULL),
(239, '021904', 'MALVAS', '02', '19', '04', 26, 1, '2023-06-21 19:56:28', NULL),
(240, '021905', 'CULEBRAS', '02', '19', '05', 26, 1, '2023-06-21 19:56:28', NULL),
(241, '022001', 'ACAS', '02', '20', '01', 27, 1, '2023-06-21 19:56:28', NULL),
(242, '022002', 'CAJAMARQUILLA', '02', '20', '02', 27, 1, '2023-06-21 19:56:28', NULL),
(243, '022003', 'CARHUAPAMPA', '02', '20', '03', 27, 1, '2023-06-21 19:56:28', NULL),
(244, '022004', 'COCHAS', '02', '20', '04', 27, 1, '2023-06-21 19:56:28', NULL),
(245, '022005', 'CONGAS', '02', '20', '05', 27, 1, '2023-06-21 19:56:28', NULL),
(246, '022006', 'LLIPA', '02', '20', '06', 27, 1, '2023-06-21 19:56:28', NULL),
(247, '022007', 'OCROS', '02', '20', '07', 27, 1, '2023-06-21 19:56:28', NULL),
(248, '022008', 'SAN CRISTOBAL DE RAJAN', '02', '20', '08', 27, 1, '2023-06-21 19:56:28', NULL),
(249, '022009', 'SAN PEDRO', '02', '20', '09', 27, 1, '2023-06-21 19:56:28', NULL),
(250, '022010', 'SANTIAGO DE CHILCAS', '02', '20', '10', 27, 1, '2023-06-21 19:56:28', NULL),
(251, '030101', 'ABANCAY', '03', '01', '01', 28, 1, '2023-06-21 19:56:28', NULL),
(252, '030102', 'CIRCA', '03', '01', '02', 28, 1, '2023-06-21 19:56:28', NULL),
(253, '030103', 'CURAHUASI', '03', '01', '03', 28, 1, '2023-06-21 19:56:28', NULL),
(254, '030104', 'CHACOCHE', '03', '01', '04', 28, 1, '2023-06-21 19:56:28', NULL),
(255, '030105', 'HUANIPACA', '03', '01', '05', 28, 1, '2023-06-21 19:56:28', NULL),
(256, '030106', 'LAMBRAMA', '03', '01', '06', 28, 1, '2023-06-21 19:56:28', NULL),
(257, '030107', 'PICHIRHUA', '03', '01', '07', 28, 1, '2023-06-21 19:56:28', NULL),
(258, '030108', 'SAN PEDRO DE CACHORA', '03', '01', '08', 28, 1, '2023-06-21 19:56:28', NULL),
(259, '030109', 'TAMBURCO', '03', '01', '09', 28, 1, '2023-06-21 19:56:28', NULL),
(260, '030201', 'CHALHUANCA', '03', '02', '01', 29, 1, '2023-06-21 19:56:28', NULL),
(261, '030202', 'CAPAYA', '03', '02', '02', 29, 1, '2023-06-21 19:56:28', NULL),
(262, '030203', 'CARAYBAMBA', '03', '02', '03', 29, 1, '2023-06-21 19:56:28', NULL),
(263, '030204', 'COLCABAMBA', '03', '02', '04', 29, 1, '2023-06-21 19:56:28', NULL),
(264, '030205', 'COTARUSE', '03', '02', '05', 29, 1, '2023-06-21 19:56:28', NULL),
(265, '030206', 'CHAPIMARCA', '03', '02', '06', 29, 1, '2023-06-21 19:56:28', NULL),
(266, '030207', 'IHUAYLLO', '03', '02', '07', 29, 1, '2023-06-21 19:56:28', NULL),
(267, '030208', 'LUCRE', '03', '02', '08', 29, 1, '2023-06-21 19:56:28', NULL),
(268, '030209', 'POCOHUANCA', '03', '02', '09', 29, 1, '2023-06-21 19:56:28', NULL),
(269, '030210', 'SANAICA', '03', '02', '10', 29, 1, '2023-06-21 19:56:28', NULL),
(270, '030211', 'SORAYA', '03', '02', '11', 29, 1, '2023-06-21 19:56:28', NULL),
(271, '030212', 'TAPAIRIHUA', '03', '02', '12', 29, 1, '2023-06-21 19:56:28', NULL),
(272, '030213', 'TINTAY', '03', '02', '13', 29, 1, '2023-06-21 19:56:28', NULL),
(273, '030214', 'TORAYA', '03', '02', '14', 29, 1, '2023-06-21 19:56:28', NULL),
(274, '030215', 'YANACA', '03', '02', '15', 29, 1, '2023-06-21 19:56:28', NULL),
(275, '030216', 'SAN JUAN DE CHACNA', '03', '02', '16', 29, 1, '2023-06-21 19:56:28', NULL),
(276, '030217', 'JUSTO APU SAHUARAURA', '03', '02', '17', 29, 1, '2023-06-21 19:56:28', NULL),
(277, '030301', 'ANDAHUAYLAS', '03', '03', '01', 30, 1, '2023-06-21 19:56:28', NULL),
(278, '030302', 'ANDARAPA', '03', '03', '02', 30, 1, '2023-06-21 19:56:28', NULL),
(279, '030303', 'CHIARA', '03', '03', '03', 30, 1, '2023-06-21 19:56:28', NULL),
(280, '030304', 'HUANCARAMA', '03', '03', '04', 30, 1, '2023-06-21 19:56:28', NULL),
(281, '030305', 'HUANCARAY', '03', '03', '05', 30, 1, '2023-06-21 19:56:28', NULL),
(282, '030306', 'KISHUARA', '03', '03', '06', 30, 1, '2023-06-21 19:56:28', NULL),
(283, '030307', 'PACOBAMBA', '03', '03', '07', 30, 1, '2023-06-21 19:56:28', NULL),
(284, '030308', 'PAMPACHIRI', '03', '03', '08', 30, 1, '2023-06-21 19:56:28', NULL),
(285, '030309', 'SAN ANTONIO DE CACHI', '03', '03', '09', 30, 1, '2023-06-21 19:56:28', NULL),
(286, '030310', 'SAN JERONIMO', '03', '03', '10', 30, 1, '2023-06-21 19:56:28', NULL),
(287, '030311', 'TALAVERA', '03', '03', '11', 30, 1, '2023-06-21 19:56:28', NULL),
(288, '030312', 'TURPO', '03', '03', '12', 30, 1, '2023-06-21 19:56:28', NULL),
(289, '030313', 'PACUCHA', '03', '03', '13', 30, 1, '2023-06-21 19:56:28', NULL),
(290, '030314', 'POMACOCHA', '03', '03', '14', 30, 1, '2023-06-21 19:56:28', NULL),
(291, '030315', 'STA MARIA DE CHICMO', '03', '03', '15', 30, 1, '2023-06-21 19:56:28', NULL),
(292, '030316', 'TUMAY HUARACA', '03', '03', '16', 30, 1, '2023-06-21 19:56:28', NULL),
(293, '030317', 'HUAYANA', '03', '03', '17', 30, 1, '2023-06-21 19:56:28', NULL),
(294, '030318', 'SAN MIGUEL DE CHACCRAMPA', '03', '03', '18', 30, 1, '2023-06-21 19:56:28', NULL),
(295, '030319', 'KAQUIABAMBA', '03', '03', '19', 30, 1, '2023-06-21 19:56:28', NULL),
(296, '030401', 'ANTABAMBA', '03', '04', '01', 31, 1, '2023-06-21 19:56:28', NULL),
(297, '030402', 'EL ORO', '03', '04', '02', 31, 1, '2023-06-21 19:56:28', NULL),
(298, '030403', 'HUAQUIRCA', '03', '04', '03', 31, 1, '2023-06-21 19:56:28', NULL),
(299, '030404', 'JUAN ESPINOZA MEDRANO', '03', '04', '04', 31, 1, '2023-06-21 19:56:28', NULL),
(300, '030405', 'OROPESA', '03', '04', '05', 31, 1, '2023-06-21 19:56:28', NULL),
(301, '030406', 'PACHACONAS', '03', '04', '06', 31, 1, '2023-06-21 19:56:28', NULL),
(302, '030407', 'SABAINO', '03', '04', '07', 31, 1, '2023-06-21 19:56:28', NULL),
(303, '030501', 'TAMBOBAMBA', '03', '05', '01', 32, 1, '2023-06-21 19:56:28', NULL),
(304, '030502', 'COYLLURQUI', '03', '05', '02', 32, 1, '2023-06-21 19:56:28', NULL),
(305, '030503', 'COTABAMBAS', '03', '05', '03', 32, 1, '2023-06-21 19:56:28', NULL),
(306, '030504', 'HAQUIRA', '03', '05', '04', 32, 1, '2023-06-21 19:56:28', NULL),
(307, '030505', 'MARA', '03', '05', '05', 32, 1, '2023-06-21 19:56:28', NULL),
(308, '030506', 'CHALLHUAHUACHO', '03', '05', '06', 32, 1, '2023-06-21 19:56:28', NULL),
(309, '030601', 'CHUQUIBAMBILLA', '03', '06', '01', 33, 1, '2023-06-21 19:56:28', NULL),
(310, '030602', 'CURPAHUASI', '03', '06', '02', 33, 1, '2023-06-21 19:56:28', NULL),
(311, '030603', 'HUAILLATI', '03', '06', '03', 33, 1, '2023-06-21 19:56:28', NULL),
(312, '030604', 'MAMARA', '03', '06', '04', 33, 1, '2023-06-21 19:56:28', NULL),
(313, '030605', 'MARISCAL GAMARRA', '03', '06', '05', 33, 1, '2023-06-21 19:56:28', NULL),
(314, '030606', 'MICAELA BASTIDAS', '03', '06', '06', 33, 1, '2023-06-21 19:56:28', NULL),
(315, '030607', 'PROGRESO', '03', '06', '07', 33, 1, '2023-06-21 19:56:28', NULL),
(316, '030608', 'PATAYPAMPA', '03', '06', '08', 33, 1, '2023-06-21 19:56:28', NULL),
(317, '030609', 'SAN ANTONIO', '03', '06', '09', 33, 1, '2023-06-21 19:56:28', NULL),
(318, '030610', 'TURPAY', '03', '06', '10', 33, 1, '2023-06-21 19:56:28', NULL),
(319, '030611', 'VILCABAMBA', '03', '06', '11', 33, 1, '2023-06-21 19:56:28', NULL),
(320, '030612', 'VIRUNDO', '03', '06', '12', 33, 1, '2023-06-21 19:56:28', NULL),
(321, '030613', 'SANTA ROSA', '03', '06', '13', 33, 1, '2023-06-21 19:56:28', NULL),
(322, '030614', 'CURASCO', '03', '06', '14', 33, 1, '2023-06-21 19:56:28', NULL),
(323, '030701', 'CHINCHEROS', '03', '07', '01', 34, 1, '2023-06-21 19:56:28', NULL),
(324, '030702', 'ONGOY', '03', '07', '02', 34, 1, '2023-06-21 19:56:28', NULL),
(325, '030703', 'OCOBAMBA', '03', '07', '03', 34, 1, '2023-06-21 19:56:28', NULL),
(326, '030704', 'COCHARCAS', '03', '07', '04', 34, 1, '2023-06-21 19:56:28', NULL),
(327, '030705', 'ANCO HUALLO', '03', '07', '05', 34, 1, '2023-06-21 19:56:28', NULL),
(328, '030706', 'HUACCANA', '03', '07', '06', 34, 1, '2023-06-21 19:56:28', NULL),
(329, '030707', 'URANMARCA', '03', '07', '07', 34, 1, '2023-06-21 19:56:28', NULL),
(330, '030708', 'RANRACANCHA', '03', '07', '08', 34, 1, '2023-06-21 19:56:28', NULL),
(331, '040101', 'AREQUIPA', '04', '01', '01', 35, 1, '2023-06-21 19:56:28', NULL),
(332, '040102', 'CAYMA', '04', '01', '02', 35, 1, '2023-06-21 19:56:28', NULL),
(333, '040103', 'CERRO COLORADO', '04', '01', '03', 35, 1, '2023-06-21 19:56:28', NULL),
(334, '040104', 'CHARACATO', '04', '01', '04', 35, 1, '2023-06-21 19:56:28', NULL),
(335, '040105', 'CHIGUATA', '04', '01', '05', 35, 1, '2023-06-21 19:56:28', NULL),
(336, '040106', 'LA JOYA', '04', '01', '06', 35, 1, '2023-06-21 19:56:28', NULL),
(337, '040107', 'MIRAFLORES', '04', '01', '07', 35, 1, '2023-06-21 19:56:28', NULL),
(338, '040108', 'MOLLEBAYA', '04', '01', '08', 35, 1, '2023-06-21 19:56:28', NULL),
(339, '040109', 'PAUCARPATA', '04', '01', '09', 35, 1, '2023-06-21 19:56:28', NULL),
(340, '040110', 'POCSI', '04', '01', '10', 35, 1, '2023-06-21 19:56:28', NULL),
(341, '040111', 'POLOBAYA', '04', '01', '11', 35, 1, '2023-06-21 19:56:28', NULL),
(342, '040112', 'QUEQUENA', '04', '01', '12', 35, 1, '2023-06-21 19:56:28', NULL),
(343, '040113', 'SABANDIA', '04', '01', '13', 35, 1, '2023-06-21 19:56:28', NULL),
(344, '040114', 'SACHACA', '04', '01', '14', 35, 1, '2023-06-21 19:56:28', NULL),
(345, '040115', 'SAN JUAN DE SIGUAS', '04', '01', '15', 35, 1, '2023-06-21 19:56:28', NULL),
(346, '040116', 'SAN JUAN DE TARUCANI', '04', '01', '16', 35, 1, '2023-06-21 19:56:28', NULL),
(347, '040117', 'SANTA ISABEL DE SIGUAS', '04', '01', '17', 35, 1, '2023-06-21 19:56:28', NULL),
(348, '040118', 'STA RITA DE SIGUAS', '04', '01', '18', 35, 1, '2023-06-21 19:56:28', NULL),
(349, '040119', 'SOCABAYA', '04', '01', '19', 35, 1, '2023-06-21 19:56:28', NULL),
(350, '040120', 'TIABAYA', '04', '01', '20', 35, 1, '2023-06-21 19:56:28', NULL),
(351, '040121', 'UCHUMAYO', '04', '01', '21', 35, 1, '2023-06-21 19:56:28', NULL),
(352, '040122', 'VITOR', '04', '01', '22', 35, 1, '2023-06-21 19:56:28', NULL),
(353, '040123', 'YANAHUARA', '04', '01', '23', 35, 1, '2023-06-21 19:56:28', NULL),
(354, '040124', 'YARABAMBA', '04', '01', '24', 35, 1, '2023-06-21 19:56:28', NULL),
(355, '040125', 'YURA', '04', '01', '25', 35, 1, '2023-06-21 19:56:28', NULL),
(356, '040126', 'MARIANO MELGAR', '04', '01', '26', 35, 1, '2023-06-21 19:56:28', NULL),
(357, '040127', 'JACOBO HUNTER', '04', '01', '27', 35, 1, '2023-06-21 19:56:28', NULL),
(358, '040128', 'ALTO SELVA ALEGRE', '04', '01', '28', 35, 1, '2023-06-21 19:56:28', NULL),
(359, '040129', 'JOSE LUIS BUSTAMANTE Y RIVERO', '04', '01', '29', 35, 1, '2023-06-21 19:56:28', NULL),
(360, '040201', 'CHIVAY', '04', '02', '01', 36, 1, '2023-06-21 19:56:28', NULL),
(361, '040202', 'ACHOMA', '04', '02', '02', 36, 1, '2023-06-21 19:56:28', NULL),
(362, '040203', 'CABANACONDE', '04', '02', '03', 36, 1, '2023-06-21 19:56:28', NULL),
(363, '040204', 'CAYLLOMA', '04', '02', '04', 36, 1, '2023-06-21 19:56:28', NULL),
(364, '040205', 'CALLALLI', '04', '02', '05', 36, 1, '2023-06-21 19:56:28', NULL),
(365, '040206', 'COPORAQUE', '04', '02', '06', 36, 1, '2023-06-21 19:56:28', NULL),
(366, '040207', 'HUAMBO', '04', '02', '07', 36, 1, '2023-06-21 19:56:28', NULL),
(367, '040208', 'HUANCA', '04', '02', '08', 36, 1, '2023-06-21 19:56:28', NULL),
(368, '040209', 'ICHUPAMPA', '04', '02', '09', 36, 1, '2023-06-21 19:56:28', NULL),
(369, '040210', 'LARI', '04', '02', '10', 36, 1, '2023-06-21 19:56:28', NULL),
(370, '040211', 'LLUTA', '04', '02', '11', 36, 1, '2023-06-21 19:56:28', NULL),
(371, '040212', 'MACA', '04', '02', '12', 36, 1, '2023-06-21 19:56:28', NULL),
(372, '040213', 'MADRIGAL', '04', '02', '13', 36, 1, '2023-06-21 19:56:28', NULL),
(373, '040214', 'SAN ANTONIO DE CHUCA', '04', '02', '14', 36, 1, '2023-06-21 19:56:28', NULL),
(374, '040215', 'SIBAYO', '04', '02', '15', 36, 1, '2023-06-21 19:56:28', NULL),
(375, '040216', 'TAPAY', '04', '02', '16', 36, 1, '2023-06-21 19:56:28', NULL),
(376, '040217', 'TISCO', '04', '02', '17', 36, 1, '2023-06-21 19:56:28', NULL),
(377, '040218', 'TUTI', '04', '02', '18', 36, 1, '2023-06-21 19:56:28', NULL),
(378, '040219', 'YANQUE', '04', '02', '19', 36, 1, '2023-06-21 19:56:28', NULL),
(379, '040220', 'MAJES', '04', '02', '20', 36, 1, '2023-06-21 19:56:28', NULL),
(380, '040301', 'CAMANA', '04', '03', '01', 37, 1, '2023-06-21 19:56:28', NULL),
(381, '040302', 'JOSE MARIA QUIMPER', '04', '03', '02', 37, 1, '2023-06-21 19:56:28', NULL),
(382, '040303', 'MARIANO N VALCARCEL', '04', '03', '03', 37, 1, '2023-06-21 19:56:28', NULL),
(383, '040304', 'MARISCAL CACERES', '04', '03', '04', 37, 1, '2023-06-21 19:56:28', NULL),
(384, '040305', 'NICOLAS DE PIEROLA', '04', '03', '05', 37, 1, '2023-06-21 19:56:28', NULL),
(385, '040306', 'OCONA', '04', '03', '06', 37, 1, '2023-06-21 19:56:28', NULL),
(386, '040307', 'QUILCA', '04', '03', '07', 37, 1, '2023-06-21 19:56:28', NULL),
(387, '040308', 'SAMUEL PASTOR', '04', '03', '08', 37, 1, '2023-06-21 19:56:28', NULL),
(388, '040401', 'CARAVELI', '04', '04', '01', 38, 1, '2023-06-21 19:56:28', NULL),
(389, '040402', 'ACARI', '04', '04', '02', 38, 1, '2023-06-21 19:56:28', NULL),
(390, '040403', 'ATICO', '04', '04', '03', 38, 1, '2023-06-21 19:56:28', NULL),
(391, '040404', 'ATIQUIPA', '04', '04', '04', 38, 1, '2023-06-21 19:56:28', NULL),
(392, '040405', 'BELLA UNION', '04', '04', '05', 38, 1, '2023-06-21 19:56:28', NULL),
(393, '040406', 'CAHUACHO', '04', '04', '06', 38, 1, '2023-06-21 19:56:28', NULL),
(394, '040407', 'CHALA', '04', '04', '07', 38, 1, '2023-06-21 19:56:28', NULL),
(395, '040408', 'CHAPARRA', '04', '04', '08', 38, 1, '2023-06-21 19:56:28', NULL),
(396, '040409', 'HUANUHUANU', '04', '04', '09', 38, 1, '2023-06-21 19:56:28', NULL),
(397, '040410', 'JAQUI', '04', '04', '10', 38, 1, '2023-06-21 19:56:28', NULL),
(398, '040411', 'LOMAS', '04', '04', '11', 38, 1, '2023-06-21 19:56:28', NULL),
(399, '040412', 'QUICACHA', '04', '04', '12', 38, 1, '2023-06-21 19:56:28', NULL),
(400, '040413', 'YAUCA', '04', '04', '13', 38, 1, '2023-06-21 19:56:28', NULL),
(401, '040501', 'APLAO', '04', '05', '01', 39, 1, '2023-06-21 19:56:28', NULL),
(402, '040502', 'ANDAGUA', '04', '05', '02', 39, 1, '2023-06-21 19:56:28', NULL),
(403, '040503', 'AYO', '04', '05', '03', 39, 1, '2023-06-21 19:56:28', NULL),
(404, '040504', 'CHACHAS', '04', '05', '04', 39, 1, '2023-06-21 19:56:28', NULL),
(405, '040505', 'CHILCAYMARCA', '04', '05', '05', 39, 1, '2023-06-21 19:56:28', NULL),
(406, '040506', 'CHOCO', '04', '05', '06', 39, 1, '2023-06-21 19:56:28', NULL),
(407, '040507', 'HUANCARQUI', '04', '05', '07', 39, 1, '2023-06-21 19:56:28', NULL),
(408, '040508', 'MACHAGUAY', '04', '05', '08', 39, 1, '2023-06-21 19:56:28', NULL),
(409, '040509', 'ORCOPAMPA', '04', '05', '09', 39, 1, '2023-06-21 19:56:28', NULL),
(410, '040510', 'PAMPACOLCA', '04', '05', '10', 39, 1, '2023-06-21 19:56:28', NULL),
(411, '040511', 'TIPAN', '04', '05', '11', 39, 1, '2023-06-21 19:56:28', NULL),
(412, '040512', 'URACA', '04', '05', '12', 39, 1, '2023-06-21 19:56:28', NULL),
(413, '040513', 'UNON', '04', '05', '13', 39, 1, '2023-06-21 19:56:28', NULL),
(414, '040514', 'VIRACO', '04', '05', '14', 39, 1, '2023-06-21 19:56:28', NULL),
(415, '040601', 'CHUQUIBAMBA', '04', '06', '01', 40, 1, '2023-06-21 19:56:28', NULL),
(416, '040602', 'ANDARAY', '04', '06', '02', 40, 1, '2023-06-21 19:56:28', NULL),
(417, '040603', 'CAYARANI', '04', '06', '03', 40, 1, '2023-06-21 19:56:28', NULL),
(418, '040604', 'CHICHAS', '04', '06', '04', 40, 1, '2023-06-21 19:56:28', NULL),
(419, '040605', 'IRAY', '04', '06', '05', 40, 1, '2023-06-21 19:56:28', NULL),
(420, '040606', 'SALAMANCA', '04', '06', '06', 40, 1, '2023-06-21 19:56:28', NULL),
(421, '040607', 'YANAQUIHUA', '04', '06', '07', 40, 1, '2023-06-21 19:56:28', NULL),
(422, '040608', 'RIO GRANDE', '04', '06', '08', 40, 1, '2023-06-21 19:56:28', NULL),
(423, '040701', 'MOLLENDO', '04', '07', '01', 41, 1, '2023-06-21 19:56:28', NULL),
(424, '040702', 'COCACHACRA', '04', '07', '02', 41, 1, '2023-06-21 19:56:28', NULL),
(425, '040703', 'DEAN VALDIVIA', '04', '07', '03', 41, 1, '2023-06-21 19:56:28', NULL),
(426, '040704', 'ISLAY', '04', '07', '04', 41, 1, '2023-06-21 19:56:28', NULL),
(427, '040705', 'MEJIA', '04', '07', '05', 41, 1, '2023-06-21 19:56:28', NULL),
(428, '040706', 'PUNTA DE BOMBON', '04', '07', '06', 41, 1, '2023-06-21 19:56:28', NULL),
(429, '040801', 'COTAHUASI', '04', '08', '01', 42, 1, '2023-06-21 19:56:28', NULL),
(430, '040802', 'ALCA', '04', '08', '02', 42, 1, '2023-06-21 19:56:28', NULL),
(431, '040803', 'CHARCANA', '04', '08', '03', 42, 1, '2023-06-21 19:56:28', NULL),
(432, '040804', 'HUAYNACOTAS', '04', '08', '04', 42, 1, '2023-06-21 19:56:28', NULL),
(433, '040805', 'PAMPAMARCA', '04', '08', '05', 42, 1, '2023-06-21 19:56:28', NULL),
(434, '040806', 'PUYCA', '04', '08', '06', 42, 1, '2023-06-21 19:56:28', NULL),
(435, '040807', 'QUECHUALLA', '04', '08', '07', 42, 1, '2023-06-21 19:56:28', NULL),
(436, '040808', 'SAYLA', '04', '08', '08', 42, 1, '2023-06-21 19:56:28', NULL),
(437, '040809', 'TAURIA', '04', '08', '09', 42, 1, '2023-06-21 19:56:28', NULL),
(438, '040810', 'TOMEPAMPA', '04', '08', '10', 42, 1, '2023-06-21 19:56:28', NULL),
(439, '040811', 'TORO', '04', '08', '11', 42, 1, '2023-06-21 19:56:28', NULL),
(440, '050101', 'AYACUCHO', '05', '01', '01', 43, 1, '2023-06-21 19:56:28', NULL),
(441, '050102', 'ACOS VINCHOS', '05', '01', '02', 43, 1, '2023-06-21 19:56:28', NULL),
(442, '050103', 'CARMEN ALTO', '05', '01', '03', 43, 1, '2023-06-21 19:56:28', NULL),
(443, '050104', 'CHIARA', '05', '01', '04', 43, 1, '2023-06-21 19:56:28', NULL),
(444, '050105', 'QUINUA', '05', '01', '05', 43, 1, '2023-06-21 19:56:28', NULL),
(445, '050106', 'SAN JOSE DE TICLLAS', '05', '01', '06', 43, 1, '2023-06-21 19:56:28', NULL),
(446, '050107', 'SAN JUAN BAUTISTA', '05', '01', '07', 43, 1, '2023-06-21 19:56:28', NULL),
(447, '050108', 'SANTIAGO DE PISCHA', '05', '01', '08', 43, 1, '2023-06-21 19:56:28', NULL),
(448, '050109', 'VINCHOS', '05', '01', '09', 43, 1, '2023-06-21 19:56:28', NULL),
(449, '050110', 'TAMBILLO', '05', '01', '10', 43, 1, '2023-06-21 19:56:28', NULL),
(450, '050111', 'ACOCRO', '05', '01', '11', 43, 1, '2023-06-21 19:56:28', NULL),
(451, '050112', 'SOCOS', '05', '01', '12', 43, 1, '2023-06-21 19:56:28', NULL),
(452, '050113', 'OCROS', '05', '01', '13', 43, 1, '2023-06-21 19:56:28', NULL),
(453, '050114', 'PACAYCASA', '05', '01', '14', 43, 1, '2023-06-21 19:56:28', NULL),
(454, '050115', 'JESUS NAZARENO', '05', '01', '15', 43, 1, '2023-06-21 19:56:28', NULL),
(455, '050201', 'CANGALLO', '05', '02', '01', 44, 1, '2023-06-21 19:56:28', NULL),
(456, '050204', 'CHUSCHI', '05', '02', '04', 44, 1, '2023-06-21 19:56:28', NULL),
(457, '050206', 'LOS MOROCHUCOS', '05', '02', '06', 44, 1, '2023-06-21 19:56:28', NULL),
(458, '050207', 'PARAS', '05', '02', '07', 44, 1, '2023-06-21 19:56:28', NULL),
(459, '050208', 'TOTOS', '05', '02', '08', 44, 1, '2023-06-21 19:56:28', NULL),
(460, '050211', 'MARIA PARADO DE BELLIDO', '05', '02', '11', 44, 1, '2023-06-21 19:56:28', NULL),
(461, '050301', 'HUANTA', '05', '03', '01', 45, 1, '2023-06-21 19:56:28', NULL),
(462, '050302', 'AYAHUANCO', '05', '03', '02', 45, 1, '2023-06-21 19:56:28', NULL),
(463, '050303', 'HUAMANGUILLA', '05', '03', '03', 45, 1, '2023-06-21 19:56:28', NULL),
(464, '050304', 'IGUAIN', '05', '03', '04', 45, 1, '2023-06-21 19:56:28', NULL),
(465, '050305', 'LURICOCHA', '05', '03', '05', 45, 1, '2023-06-21 19:56:28', NULL),
(466, '050307', 'SANTILLANA', '05', '03', '07', 45, 1, '2023-06-21 19:56:28', NULL),
(467, '050308', 'SIVIA', '05', '03', '08', 45, 1, '2023-06-21 19:56:28', NULL),
(468, '050309', 'LLOCHEGUA', '05', '03', '09', 45, 1, '2023-06-21 19:56:28', NULL),
(469, '050401', 'SAN MIGUEL', '05', '04', '01', 46, 1, '2023-06-21 19:56:28', NULL),
(470, '050402', 'ANCO', '05', '04', '02', 46, 1, '2023-06-21 19:56:28', NULL),
(471, '050403', 'AYNA', '05', '04', '03', 46, 1, '2023-06-21 19:56:28', NULL),
(472, '050404', 'CHILCAS', '05', '04', '04', 46, 1, '2023-06-21 19:56:28', NULL),
(473, '050405', 'CHUNGUI', '05', '04', '05', 46, 1, '2023-06-21 19:56:28', NULL),
(474, '050406', 'TAMBO', '05', '04', '06', 46, 1, '2023-06-21 19:56:28', NULL),
(475, '050407', 'LUIS CARRANZA', '05', '04', '07', 46, 1, '2023-06-21 19:56:28', NULL),
(476, '050408', 'SANTA ROSA', '05', '04', '08', 46, 1, '2023-06-21 19:56:28', NULL),
(477, '050501', 'PUQUIO', '05', '05', '01', 47, 1, '2023-06-21 19:56:28', NULL),
(478, '050502', 'AUCARA', '05', '05', '02', 47, 1, '2023-06-21 19:56:28', NULL),
(479, '050503', 'CABANA', '05', '05', '03', 47, 1, '2023-06-21 19:56:28', NULL),
(480, '050504', 'CARMEN SALCEDO', '05', '05', '04', 47, 1, '2023-06-21 19:56:28', NULL),
(481, '050506', 'CHAVINA', '05', '05', '06', 47, 1, '2023-06-21 19:56:28', NULL),
(482, '050508', 'CHIPAO', '05', '05', '08', 47, 1, '2023-06-21 19:56:28', NULL),
(483, '050510', 'HUAC-HUAS', '05', '05', '10', 47, 1, '2023-06-21 19:56:28', NULL),
(484, '050511', 'LARAMATE', '05', '05', '11', 47, 1, '2023-06-21 19:56:28', NULL),
(485, '050512', 'LEONCIO PRADO', '05', '05', '12', 47, 1, '2023-06-21 19:56:28', NULL),
(486, '050513', 'LUCANAS', '05', '05', '13', 47, 1, '2023-06-21 19:56:28', NULL),
(487, '050514', 'LLAUTA', '05', '05', '14', 47, 1, '2023-06-21 19:56:28', NULL),
(488, '050516', 'OCANA', '05', '05', '16', 47, 1, '2023-06-21 19:56:28', NULL),
(489, '050517', 'OTOCA', '05', '05', '17', 47, 1, '2023-06-21 19:56:28', NULL),
(490, '050520', 'SANCOS', '05', '05', '20', 47, 1, '2023-06-21 19:56:28', NULL),
(491, '050521', 'SAN JUAN', '05', '05', '21', 47, 1, '2023-06-21 19:56:28', NULL),
(492, '050522', 'SAN PEDRO', '05', '05', '22', 47, 1, '2023-06-21 19:56:28', NULL),
(493, '050524', 'STA ANA DE HUAYCAHUACHO', '05', '05', '24', 47, 1, '2023-06-21 19:56:28', NULL),
(494, '050525', 'SANTA LUCIA', '05', '05', '25', 47, 1, '2023-06-21 19:56:28', NULL),
(495, '050529', 'SAISA', '05', '05', '29', 47, 1, '2023-06-21 19:56:28', NULL),
(496, '050531', 'SAN PEDRO DE PALCO', '05', '05', '31', 47, 1, '2023-06-21 19:56:28', NULL),
(497, '050532', 'SAN CRISTOBAL', '05', '05', '32', 47, 1, '2023-06-21 19:56:28', NULL),
(498, '050601', 'CORACORA', '05', '06', '01', 48, 1, '2023-06-21 19:56:28', NULL),
(499, '050604', 'CORONEL CASTANEDA', '05', '06', '04', 48, 1, '2023-06-21 19:56:28', NULL),
(500, '050605', 'CHUMPI', '05', '06', '05', 48, 1, '2023-06-21 19:56:28', NULL),
(501, '050608', 'PACAPAUSA', '05', '06', '08', 48, 1, '2023-06-21 19:56:28', NULL),
(502, '050611', 'PULLO', '05', '06', '11', 48, 1, '2023-06-21 19:56:28', NULL),
(503, '050612', 'PUYUSCA', '05', '06', '12', 48, 1, '2023-06-21 19:56:28', NULL),
(504, '050615', 'SAN FCO DE RAVACAYCO', '05', '06', '15', 48, 1, '2023-06-21 19:56:28', NULL),
(505, '050616', 'UPAHUACHO', '05', '06', '16', 48, 1, '2023-06-21 19:56:28', NULL),
(506, '050701', 'HUANCAPI', '05', '07', '01', 49, 1, '2023-06-21 19:56:28', NULL),
(507, '050702', 'ALCAMENCA', '05', '07', '02', 49, 1, '2023-06-21 19:56:28', NULL),
(508, '050703', 'APONGO', '05', '07', '03', 49, 1, '2023-06-21 19:56:28', NULL),
(509, '050704', 'CANARIA', '05', '07', '04', 49, 1, '2023-06-21 19:56:28', NULL),
(510, '050706', 'CAYARA', '05', '07', '06', 49, 1, '2023-06-21 19:56:28', NULL),
(511, '050707', 'COLCA', '05', '07', '07', 49, 1, '2023-06-21 19:56:28', NULL),
(512, '050708', 'HUAYA', '05', '07', '08', 49, 1, '2023-06-21 19:56:28', NULL),
(513, '050709', 'HUAMANQUIQUIA', '05', '07', '09', 49, 1, '2023-06-21 19:56:28', NULL),
(514, '050710', 'HUANCARAYLLA', '05', '07', '10', 49, 1, '2023-06-21 19:56:28', NULL),
(515, '050713', 'SARHUA', '05', '07', '13', 49, 1, '2023-06-21 19:56:28', NULL),
(516, '050714', 'VILCANCHOS', '05', '07', '14', 49, 1, '2023-06-21 19:56:28', NULL),
(517, '050715', 'ASQUIPATA', '05', '07', '15', 49, 1, '2023-06-21 19:56:28', NULL),
(518, '050801', 'SANCOS', '05', '08', '01', 50, 1, '2023-06-21 19:56:28', NULL),
(519, '050802', 'SACSAMARCA', '05', '08', '02', 50, 1, '2023-06-21 19:56:28', NULL),
(520, '050803', 'SANTIAGO DE LUCANAMARCA', '05', '08', '03', 50, 1, '2023-06-21 19:56:28', NULL),
(521, '050804', 'CARAPO', '05', '08', '04', 50, 1, '2023-06-21 19:56:28', NULL),
(522, '050901', 'VILCAS HUAMAN', '05', '09', '01', 51, 1, '2023-06-21 19:56:28', NULL),
(523, '050902', 'VISCHONGO', '05', '09', '02', 51, 1, '2023-06-21 19:56:28', NULL),
(524, '050903', 'ACCOMARCA', '05', '09', '03', 51, 1, '2023-06-21 19:56:28', NULL),
(525, '050904', 'CARHUANCA', '05', '09', '04', 51, 1, '2023-06-21 19:56:28', NULL),
(526, '050905', 'CONCEPCION', '05', '09', '05', 51, 1, '2023-06-21 19:56:28', NULL),
(527, '050906', 'HUAMBALPA', '05', '09', '06', 51, 1, '2023-06-21 19:56:28', NULL),
(528, '050907', 'SAURAMA', '05', '09', '07', 51, 1, '2023-06-21 19:56:28', NULL),
(529, '050908', 'INDEPENDENCIA', '05', '09', '08', 51, 1, '2023-06-21 19:56:28', NULL),
(530, '051001', 'PAUSA', '05', '10', '01', 52, 1, '2023-06-21 19:56:28', NULL),
(531, '051002', 'COLTA', '05', '10', '02', 52, 1, '2023-06-21 19:56:28', NULL),
(532, '051003', 'CORCULLA', '05', '10', '03', 52, 1, '2023-06-21 19:56:28', NULL),
(533, '051004', 'LAMPA', '05', '10', '04', 52, 1, '2023-06-21 19:56:28', NULL),
(534, '051005', 'MARCABAMBA', '05', '10', '05', 52, 1, '2023-06-21 19:56:28', NULL),
(535, '051006', 'OYOLO', '05', '10', '06', 52, 1, '2023-06-21 19:56:28', NULL),
(536, '051007', 'PARARCA', '05', '10', '07', 52, 1, '2023-06-21 19:56:28', NULL),
(537, '051008', 'SAN JAVIER DE ALPABAMBA', '05', '10', '08', 52, 1, '2023-06-21 19:56:28', NULL),
(538, '051009', 'SAN JOSE DE USHUA', '05', '10', '09', 52, 1, '2023-06-21 19:56:28', NULL),
(539, '051010', 'SARA SARA', '05', '10', '10', 52, 1, '2023-06-21 19:56:28', NULL),
(540, '051101', 'QUEROBAMBA', '05', '11', '01', 53, 1, '2023-06-21 19:56:28', NULL),
(541, '051102', 'BELEN', '05', '11', '02', 53, 1, '2023-06-21 19:56:28', NULL),
(542, '051103', 'CHALCOS', '05', '11', '03', 53, 1, '2023-06-21 19:56:28', NULL),
(543, '051104', 'SAN SALVADOR DE QUIJE', '05', '11', '04', 53, 1, '2023-06-21 19:56:28', NULL),
(544, '051105', 'PAICO', '05', '11', '05', 53, 1, '2023-06-21 19:56:28', NULL),
(545, '051106', 'SANTIAGO DE PAUCARAY', '05', '11', '06', 53, 1, '2023-06-21 19:56:28', NULL),
(546, '051107', 'SAN PEDRO DE LARCAY', '05', '11', '07', 53, 1, '2023-06-21 19:56:28', NULL),
(547, '051108', 'SORAS', '05', '11', '08', 53, 1, '2023-06-21 19:56:28', NULL),
(548, '051109', 'HUACANA', '05', '11', '09', 53, 1, '2023-06-21 19:56:28', NULL),
(549, '051110', 'CHILCAYOC', '05', '11', '10', 53, 1, '2023-06-21 19:56:28', NULL),
(550, '051111', 'MORCOLLA', '05', '11', '11', 53, 1, '2023-06-21 19:56:28', NULL),
(551, '060101', 'CAJAMARCA', '06', '01', '01', 54, 1, '2023-06-21 19:56:28', NULL),
(552, '060102', 'ASUNCION', '06', '01', '02', 54, 1, '2023-06-21 19:56:28', NULL),
(553, '060103', 'COSPAN', '06', '01', '03', 54, 1, '2023-06-21 19:56:28', NULL),
(554, '060104', 'CHETILLA', '06', '01', '04', 54, 1, '2023-06-21 19:56:28', NULL),
(555, '060105', 'ENCANADA', '06', '01', '05', 54, 1, '2023-06-21 19:56:28', NULL),
(556, '060106', 'JESUS', '06', '01', '06', 54, 1, '2023-06-21 19:56:28', NULL),
(557, '060107', 'LOS BANOS DEL INCA', '06', '01', '07', 54, 1, '2023-06-21 19:56:28', NULL),
(558, '060108', 'LLACANORA', '06', '01', '08', 54, 1, '2023-06-21 19:56:28', NULL),
(559, '060109', 'MAGDALENA', '06', '01', '09', 54, 1, '2023-06-21 19:56:28', NULL),
(560, '060110', 'MATARA', '06', '01', '10', 54, 1, '2023-06-21 19:56:28', NULL),
(561, '060111', 'NAMORA', '06', '01', '11', 54, 1, '2023-06-21 19:56:28', NULL),
(562, '060112', 'SAN JUAN', '06', '01', '12', 54, 1, '2023-06-21 19:56:28', NULL),
(563, '060201', 'CAJABAMBA', '06', '02', '01', 55, 1, '2023-06-21 19:56:28', NULL),
(564, '060202', 'CACHACHI', '06', '02', '02', 55, 1, '2023-06-21 19:56:28', NULL),
(565, '060203', 'CONDEBAMBA', '06', '02', '03', 55, 1, '2023-06-21 19:56:28', NULL),
(566, '060205', 'SITACOCHA', '06', '02', '05', 55, 1, '2023-06-21 19:56:28', NULL),
(567, '060301', 'CELENDIN', '06', '03', '01', 56, 1, '2023-06-21 19:56:28', NULL),
(568, '060302', 'CORTEGANA', '06', '03', '02', 56, 1, '2023-06-21 19:56:28', NULL),
(569, '060303', 'CHUMUCH', '06', '03', '03', 56, 1, '2023-06-21 19:56:28', NULL),
(570, '060304', 'HUASMIN', '06', '03', '04', 56, 1, '2023-06-21 19:56:28', NULL),
(571, '060305', 'JORGE CHAVEZ', '06', '03', '05', 56, 1, '2023-06-21 19:56:28', NULL),
(572, '060306', 'JOSE GALVEZ', '06', '03', '06', 56, 1, '2023-06-21 19:56:28', NULL),
(573, '060307', 'MIGUEL IGLESIAS', '06', '03', '07', 56, 1, '2023-06-21 19:56:28', NULL),
(574, '060308', 'OXAMARCA', '06', '03', '08', 56, 1, '2023-06-21 19:56:28', NULL),
(575, '060309', 'SOROCHUCO', '06', '03', '09', 56, 1, '2023-06-21 19:56:28', NULL),
(576, '060310', 'SUCRE', '06', '03', '10', 56, 1, '2023-06-21 19:56:28', NULL),
(577, '060311', 'UTCO', '06', '03', '11', 56, 1, '2023-06-21 19:56:28', NULL),
(578, '060312', 'LA LIBERTAD DE PALLAN', '06', '03', '12', 56, 1, '2023-06-21 19:56:28', NULL),
(579, '060401', 'CONTUMAZA', '06', '04', '01', 57, 1, '2023-06-21 19:56:28', NULL),
(580, '060403', 'CHILETE', '06', '04', '03', 57, 1, '2023-06-21 19:56:28', NULL),
(581, '060404', 'GUZMANGO', '06', '04', '04', 57, 1, '2023-06-21 19:56:28', NULL),
(582, '060405', 'SAN BENITO', '06', '04', '05', 57, 1, '2023-06-21 19:56:28', NULL),
(583, '060406', 'CUPISNIQUE', '06', '04', '06', 57, 1, '2023-06-21 19:56:28', NULL),
(584, '060407', 'TANTARICA', '06', '04', '07', 57, 1, '2023-06-21 19:56:28', NULL),
(585, '060408', 'YONAN', '06', '04', '08', 57, 1, '2023-06-21 19:56:28', NULL),
(586, '060409', 'STA CRUZ DE TOLEDO', '06', '04', '09', 57, 1, '2023-06-21 19:56:28', NULL),
(587, '060501', 'CUTERVO', '06', '05', '01', 58, 1, '2023-06-21 19:56:28', NULL),
(588, '060502', 'CALLAYUC', '06', '05', '02', 58, 1, '2023-06-21 19:56:28', NULL),
(589, '060503', 'CUJILLO', '06', '05', '03', 58, 1, '2023-06-21 19:56:28', NULL),
(590, '060504', 'CHOROS', '06', '05', '04', 58, 1, '2023-06-21 19:56:28', NULL),
(591, '060505', 'LA RAMADA', '06', '05', '05', 58, 1, '2023-06-21 19:56:28', NULL),
(592, '060506', 'PIMPINGOS', '06', '05', '06', 58, 1, '2023-06-21 19:56:28', NULL),
(593, '060507', 'QUEROCOTILLO', '06', '05', '07', 58, 1, '2023-06-21 19:56:28', NULL),
(594, '060508', 'SAN ANDRES DE CUTERVO', '06', '05', '08', 58, 1, '2023-06-21 19:56:28', NULL),
(595, '060509', 'SAN JUAN DE CUTERVO', '06', '05', '09', 58, 1, '2023-06-21 19:56:28', NULL),
(596, '060510', 'SAN LUIS DE LUCMA', '06', '05', '10', 58, 1, '2023-06-21 19:56:28', NULL),
(597, '060511', 'SANTA CRUZ', '06', '05', '11', 58, 1, '2023-06-21 19:56:28', NULL),
(598, '060512', 'SANTO DOMINGO DE LA CAPILLA', '06', '05', '12', 58, 1, '2023-06-21 19:56:28', NULL),
(599, '060513', 'SANTO TOMAS', '06', '05', '13', 58, 1, '2023-06-21 19:56:28', NULL),
(600, '060514', 'SOCOTA', '06', '05', '14', 58, 1, '2023-06-21 19:56:28', NULL),
(601, '060515', 'TORIBIO CASANOVA', '06', '05', '15', 58, 1, '2023-06-21 19:56:28', NULL),
(602, '060601', 'CHOTA', '06', '06', '01', 59, 1, '2023-06-21 19:56:28', NULL),
(603, '060602', 'ANGUIA', '06', '06', '02', 59, 1, '2023-06-21 19:56:28', NULL),
(604, '060603', 'COCHABAMBA', '06', '06', '03', 59, 1, '2023-06-21 19:56:28', NULL),
(605, '060604', 'CONCHAN', '06', '06', '04', 59, 1, '2023-06-21 19:56:28', NULL),
(606, '060605', 'CHADIN', '06', '06', '05', 59, 1, '2023-06-21 19:56:28', NULL),
(607, '060606', 'CHIGUIRIP', '06', '06', '06', 59, 1, '2023-06-21 19:56:28', NULL),
(608, '060607', 'CHIMBAN', '06', '06', '07', 59, 1, '2023-06-21 19:56:28', NULL),
(609, '060608', 'HUAMBOS', '06', '06', '08', 59, 1, '2023-06-21 19:56:28', NULL),
(610, '060609', 'LAJAS', '06', '06', '09', 59, 1, '2023-06-21 19:56:28', NULL);
INSERT INTO `distritos` (`id`, `codigo`, `descripcion`, `codigodeptamento`, `codigoprovincia`, `codigodistrito`, `provincia_id`, `activo`, `created_at`, `updated_at`) VALUES
(611, '060610', 'LLAMA', '06', '06', '10', 59, 1, '2023-06-21 19:56:28', NULL),
(612, '060611', 'MIRACOSTA', '06', '06', '11', 59, 1, '2023-06-21 19:56:28', NULL),
(613, '060612', 'PACCHA', '06', '06', '12', 59, 1, '2023-06-21 19:56:28', NULL),
(614, '060613', 'PION', '06', '06', '13', 59, 1, '2023-06-21 19:56:28', NULL),
(615, '060614', 'QUEROCOTO', '06', '06', '14', 59, 1, '2023-06-21 19:56:28', NULL),
(616, '060615', 'TACABAMBA', '06', '06', '15', 59, 1, '2023-06-21 19:56:28', NULL),
(617, '060616', 'TOCMOCHE', '06', '06', '16', 59, 1, '2023-06-21 19:56:28', NULL),
(618, '060617', 'SAN JUAN DE LICUPIS', '06', '06', '17', 59, 1, '2023-06-21 19:56:28', NULL),
(619, '060618', 'CHOROPAMPA', '06', '06', '18', 59, 1, '2023-06-21 19:56:28', NULL),
(620, '060619', 'CHALAMARCA', '06', '06', '19', 59, 1, '2023-06-21 19:56:28', NULL),
(621, '060701', 'BAMBAMARCA', '06', '07', '01', 60, 1, '2023-06-21 19:56:28', NULL),
(622, '060702', 'CHUGUR', '06', '07', '02', 60, 1, '2023-06-21 19:56:28', NULL),
(623, '060703', 'HUALGAYOC', '06', '07', '03', 60, 1, '2023-06-21 19:56:28', NULL),
(624, '060801', 'JAEN', '06', '08', '01', 61, 1, '2023-06-21 19:56:28', NULL),
(625, '060802', 'BELLAVISTA', '06', '08', '02', 61, 1, '2023-06-21 19:56:28', NULL),
(626, '060803', 'COLASAY', '06', '08', '03', 61, 1, '2023-06-21 19:56:28', NULL),
(627, '060804', 'CHONTALI', '06', '08', '04', 61, 1, '2023-06-21 19:56:28', NULL),
(628, '060805', 'POMAHUACA', '06', '08', '05', 61, 1, '2023-06-21 19:56:28', NULL),
(629, '060806', 'PUCARA', '06', '08', '06', 61, 1, '2023-06-21 19:56:28', NULL),
(630, '060807', 'SALLIQUE', '06', '08', '07', 61, 1, '2023-06-21 19:56:28', NULL),
(631, '060808', 'SAN FELIPE', '06', '08', '08', 61, 1, '2023-06-21 19:56:28', NULL),
(632, '060809', 'SAN JOSE DEL ALTO', '06', '08', '09', 61, 1, '2023-06-21 19:56:28', NULL),
(633, '060810', 'SANTA ROSA', '06', '08', '10', 61, 1, '2023-06-21 19:56:28', NULL),
(634, '060811', 'LAS PIRIAS', '06', '08', '11', 61, 1, '2023-06-21 19:56:28', NULL),
(635, '060812', 'HUABAL', '06', '08', '12', 61, 1, '2023-06-21 19:56:28', NULL),
(636, '060901', 'SANTA CRUZ', '06', '09', '01', 62, 1, '2023-06-21 19:56:28', NULL),
(637, '060902', 'CATACHE', '06', '09', '02', 62, 1, '2023-06-21 19:56:28', NULL),
(638, '060903', 'CHANCAIBANOS', '06', '09', '03', 62, 1, '2023-06-21 19:56:28', NULL),
(639, '060904', 'LA ESPERANZA', '06', '09', '04', 62, 1, '2023-06-21 19:56:28', NULL),
(640, '060905', 'NINABAMBA', '06', '09', '05', 62, 1, '2023-06-21 19:56:28', NULL),
(641, '060906', 'PULAN', '06', '09', '06', 62, 1, '2023-06-21 19:56:28', NULL),
(642, '060907', 'SEXI', '06', '09', '07', 62, 1, '2023-06-21 19:56:28', NULL),
(643, '060908', 'UTICYACU', '06', '09', '08', 62, 1, '2023-06-21 19:56:28', NULL),
(644, '060909', 'YAUYUCAN', '06', '09', '09', 62, 1, '2023-06-21 19:56:28', NULL),
(645, '060910', 'ANDABAMBA', '06', '09', '10', 62, 1, '2023-06-21 19:56:28', NULL),
(646, '060911', 'SAUCEPAMPA', '06', '09', '11', 62, 1, '2023-06-21 19:56:28', NULL),
(647, '061001', 'SAN MIGUEL', '06', '10', '01', 63, 1, '2023-06-21 19:56:28', NULL),
(648, '061002', 'CALQUIS', '06', '10', '02', 63, 1, '2023-06-21 19:56:28', NULL),
(649, '061003', 'LA FLORIDA', '06', '10', '03', 63, 1, '2023-06-21 19:56:28', NULL),
(650, '061004', 'LLAPA', '06', '10', '04', 63, 1, '2023-06-21 19:56:28', NULL),
(651, '061005', 'NANCHOC', '06', '10', '05', 63, 1, '2023-06-21 19:56:28', NULL),
(652, '061006', 'NIEPOS', '06', '10', '06', 63, 1, '2023-06-21 19:56:28', NULL),
(653, '061007', 'SAN GREGORIO', '06', '10', '07', 63, 1, '2023-06-21 19:56:28', NULL),
(654, '061008', 'SAN SILVESTRE DE COCHAN', '06', '10', '08', 63, 1, '2023-06-21 19:56:28', NULL),
(655, '061009', 'EL PRADO', '06', '10', '09', 63, 1, '2023-06-21 19:56:28', NULL),
(656, '061010', 'UNION AGUA BLANCA', '06', '10', '10', 63, 1, '2023-06-21 19:56:28', NULL),
(657, '061011', 'TONGOD', '06', '10', '11', 63, 1, '2023-06-21 19:56:28', NULL),
(658, '061012', 'CATILLUC', '06', '10', '12', 63, 1, '2023-06-21 19:56:28', NULL),
(659, '061013', 'BOLIVAR', '06', '10', '13', 63, 1, '2023-06-21 19:56:28', NULL),
(660, '061101', 'SAN IGNACIO', '06', '11', '01', 64, 1, '2023-06-21 19:56:28', NULL),
(661, '061102', 'CHIRINOS', '06', '11', '02', 64, 1, '2023-06-21 19:56:28', NULL),
(662, '061103', 'HUARANGO', '06', '11', '03', 64, 1, '2023-06-21 19:56:28', NULL),
(663, '061104', 'NAMBALLE', '06', '11', '04', 64, 1, '2023-06-21 19:56:28', NULL),
(664, '061105', 'LA COIPA', '06', '11', '05', 64, 1, '2023-06-21 19:56:28', NULL),
(665, '061106', 'SAN JOSE DE LOURDES', '06', '11', '06', 64, 1, '2023-06-21 19:56:28', NULL),
(666, '061107', 'TABACONAS', '06', '11', '07', 64, 1, '2023-06-21 19:56:28', NULL),
(667, '061201', 'PEDRO GALVEZ', '06', '12', '01', 65, 1, '2023-06-21 19:56:28', NULL),
(668, '061202', 'ICHOCAN', '06', '12', '02', 65, 1, '2023-06-21 19:56:28', NULL),
(669, '061203', 'GREGORIO PITA', '06', '12', '03', 65, 1, '2023-06-21 19:56:28', NULL),
(670, '061204', 'JOSE MANUEL QUIROZ', '06', '12', '04', 65, 1, '2023-06-21 19:56:28', NULL),
(671, '061205', 'EDUARDO VILLANUEVA', '06', '12', '05', 65, 1, '2023-06-21 19:56:28', NULL),
(672, '061206', 'JOSE SABOGAL', '06', '12', '06', 65, 1, '2023-06-21 19:56:28', NULL),
(673, '061207', 'CHANCAY', '06', '12', '07', 65, 1, '2023-06-21 19:56:28', NULL),
(674, '061301', 'SAN PABLO', '06', '13', '01', 66, 1, '2023-06-21 19:56:28', NULL),
(675, '061302', 'SAN BERNARDINO', '06', '13', '02', 66, 1, '2023-06-21 19:56:28', NULL),
(676, '061303', 'SAN LUIS', '06', '13', '03', 66, 1, '2023-06-21 19:56:28', NULL),
(677, '061304', 'TUMBADEN', '06', '13', '04', 66, 1, '2023-06-21 19:56:28', NULL),
(678, '070101', 'CUSCO', '07', '01', '01', 67, 1, '2023-06-21 19:56:28', NULL),
(679, '070102', 'CCORCA', '07', '01', '02', 67, 1, '2023-06-21 19:56:28', NULL),
(680, '070103', 'POROY', '07', '01', '03', 67, 1, '2023-06-21 19:56:28', NULL),
(681, '070104', 'SAN JERONIMO', '07', '01', '04', 67, 1, '2023-06-21 19:56:28', NULL),
(682, '070105', 'SAN SEBASTIAN', '07', '01', '05', 67, 1, '2023-06-21 19:56:28', NULL),
(683, '070106', 'SANTIAGO', '07', '01', '06', 67, 1, '2023-06-21 19:56:28', NULL),
(684, '070107', 'SAYLLA', '07', '01', '07', 67, 1, '2023-06-21 19:56:28', NULL),
(685, '070108', 'WANCHAQ', '07', '01', '08', 67, 1, '2023-06-21 19:56:28', NULL),
(686, '070201', 'ACOMAYO', '07', '02', '01', 68, 1, '2023-06-21 19:56:28', NULL),
(687, '070202', 'ACOPIA', '07', '02', '02', 68, 1, '2023-06-21 19:56:28', NULL),
(688, '070203', 'ACOS', '07', '02', '03', 68, 1, '2023-06-21 19:56:28', NULL),
(689, '070204', 'POMACANCHI', '07', '02', '04', 68, 1, '2023-06-21 19:56:28', NULL),
(690, '070205', 'RONDOCAN', '07', '02', '05', 68, 1, '2023-06-21 19:56:28', NULL),
(691, '070206', 'SANGARARA', '07', '02', '06', 68, 1, '2023-06-21 19:56:28', NULL),
(692, '070207', 'MOSOC LLACTA', '07', '02', '07', 68, 1, '2023-06-21 19:56:28', NULL),
(693, '070301', 'ANTA', '07', '03', '01', 69, 1, '2023-06-21 19:56:28', NULL),
(694, '070302', 'CHINCHAYPUJIO', '07', '03', '02', 69, 1, '2023-06-21 19:56:28', NULL),
(695, '070303', 'HUAROCONDO', '07', '03', '03', 69, 1, '2023-06-21 19:56:28', NULL),
(696, '070304', 'LIMATAMBO', '07', '03', '04', 69, 1, '2023-06-21 19:56:28', NULL),
(697, '070305', 'MOLLEPATA', '07', '03', '05', 69, 1, '2023-06-21 19:56:28', NULL),
(698, '070306', 'PUCYURA', '07', '03', '06', 69, 1, '2023-06-21 19:56:28', NULL),
(699, '070307', 'ZURITE', '07', '03', '07', 69, 1, '2023-06-21 19:56:28', NULL),
(700, '070308', 'CACHIMAYO', '07', '03', '08', 69, 1, '2023-06-21 19:56:28', NULL),
(701, '070309', 'ANCAHUASI', '07', '03', '09', 69, 1, '2023-06-21 19:56:28', NULL),
(702, '070401', 'CALCA', '07', '04', '01', 70, 1, '2023-06-21 19:56:28', NULL),
(703, '070402', 'COYA', '07', '04', '02', 70, 1, '2023-06-21 19:56:28', NULL),
(704, '070403', 'LAMAY', '07', '04', '03', 70, 1, '2023-06-21 19:56:28', NULL),
(705, '070404', 'LARES', '07', '04', '04', 70, 1, '2023-06-21 19:56:28', NULL),
(706, '070405', 'PISAC', '07', '04', '05', 70, 1, '2023-06-21 19:56:28', NULL),
(707, '070406', 'SAN SALVADOR', '07', '04', '06', 70, 1, '2023-06-21 19:56:28', NULL),
(708, '070407', 'TARAY', '07', '04', '07', 70, 1, '2023-06-21 19:56:28', NULL),
(709, '070408', 'YANATILE', '07', '04', '08', 70, 1, '2023-06-21 19:56:28', NULL),
(710, '070501', 'YANAOCA', '07', '05', '01', 71, 1, '2023-06-21 19:56:28', NULL),
(711, '070502', 'CHECCA', '07', '05', '02', 71, 1, '2023-06-21 19:56:28', NULL),
(712, '070503', 'KUNTURKANKI', '07', '05', '03', 71, 1, '2023-06-21 19:56:28', NULL),
(713, '070504', 'LANGUI', '07', '05', '04', 71, 1, '2023-06-21 19:56:28', NULL),
(714, '070505', 'LAYO', '07', '05', '05', 71, 1, '2023-06-21 19:56:28', NULL),
(715, '070506', 'PAMPAMARCA', '07', '05', '06', 71, 1, '2023-06-21 19:56:28', NULL),
(716, '070507', 'QUEHUE', '07', '05', '07', 71, 1, '2023-06-21 19:56:28', NULL),
(717, '070508', 'TUPAC AMARU', '07', '05', '08', 71, 1, '2023-06-21 19:56:28', NULL),
(718, '070601', 'SICUANI', '07', '06', '01', 72, 1, '2023-06-21 19:56:28', NULL),
(719, '070602', 'COMBAPATA', '07', '06', '02', 72, 1, '2023-06-21 19:56:28', NULL),
(720, '070603', 'CHECACUPE', '07', '06', '03', 72, 1, '2023-06-21 19:56:28', NULL),
(721, '070604', 'MARANGANI', '07', '06', '04', 72, 1, '2023-06-21 19:56:28', NULL),
(722, '070605', 'PITUMARCA', '07', '06', '05', 72, 1, '2023-06-21 19:56:28', NULL),
(723, '070606', 'SAN PABLO', '07', '06', '06', 72, 1, '2023-06-21 19:56:28', NULL),
(724, '070607', 'SAN PEDRO', '07', '06', '07', 72, 1, '2023-06-21 19:56:28', NULL),
(725, '070608', 'TINTA', '07', '06', '08', 72, 1, '2023-06-21 19:56:28', NULL),
(726, '070701', 'SANTO TOMAS', '07', '07', '01', 73, 1, '2023-06-21 19:56:28', NULL),
(727, '070702', 'CAPACMARCA', '07', '07', '02', 73, 1, '2023-06-21 19:56:28', NULL),
(728, '070703', 'COLQUEMARCA', '07', '07', '03', 73, 1, '2023-06-21 19:56:28', NULL),
(729, '070704', 'CHAMACA', '07', '07', '04', 73, 1, '2023-06-21 19:56:28', NULL),
(730, '070705', 'LIVITACA', '07', '07', '05', 73, 1, '2023-06-21 19:56:28', NULL),
(731, '070706', 'LLUSCO', '07', '07', '06', 73, 1, '2023-06-21 19:56:28', NULL),
(732, '070707', 'QUINOTA', '07', '07', '07', 73, 1, '2023-06-21 19:56:28', NULL),
(733, '070708', 'VELILLE', '07', '07', '08', 73, 1, '2023-06-21 19:56:28', NULL),
(734, '070801', 'ESPINAR', '07', '08', '01', 74, 1, '2023-06-21 19:56:28', NULL),
(735, '070802', 'CONDOROMA', '07', '08', '02', 74, 1, '2023-06-21 19:56:28', NULL),
(736, '070803', 'COPORAQUE', '07', '08', '03', 74, 1, '2023-06-21 19:56:28', NULL),
(737, '070804', 'OCORURO', '07', '08', '04', 74, 1, '2023-06-21 19:56:28', NULL),
(738, '070805', 'PALLPATA', '07', '08', '05', 74, 1, '2023-06-21 19:56:28', NULL),
(739, '070806', 'PICHIGUA', '07', '08', '06', 74, 1, '2023-06-21 19:56:28', NULL),
(740, '070807', 'SUYKUTAMBO', '07', '08', '07', 74, 1, '2023-06-21 19:56:28', NULL),
(741, '070808', 'ALTO PICHIGUA', '07', '08', '08', 74, 1, '2023-06-21 19:56:28', NULL),
(742, '070901', 'SANTA ANA', '07', '09', '01', 75, 1, '2023-06-21 19:56:28', NULL),
(743, '070902', 'ECHARATE', '07', '09', '02', 75, 1, '2023-06-21 19:56:28', NULL),
(744, '070903', 'HUAYOPATA', '07', '09', '03', 75, 1, '2023-06-21 19:56:28', NULL),
(745, '070904', 'MARANURA', '07', '09', '04', 75, 1, '2023-06-21 19:56:28', NULL),
(746, '070905', 'OCOBAMBA', '07', '09', '05', 75, 1, '2023-06-21 19:56:28', NULL),
(747, '070906', 'SANTA TERESA', '07', '09', '06', 75, 1, '2023-06-21 19:56:28', NULL),
(748, '070907', 'VILCABAMBA', '07', '09', '07', 75, 1, '2023-06-21 19:56:28', NULL),
(749, '070908', 'QUELLOUNO', '07', '09', '08', 75, 1, '2023-06-21 19:56:28', NULL),
(750, '070909', 'KIMBIRI', '07', '09', '09', 75, 1, '2023-06-21 19:56:28', NULL),
(751, '070910', 'PICHARI', '07', '09', '10', 75, 1, '2023-06-21 19:56:28', NULL),
(752, '071001', 'PARURO', '07', '10', '01', 76, 1, '2023-06-21 19:56:28', NULL),
(753, '071002', 'ACCHA', '07', '10', '02', 76, 1, '2023-06-21 19:56:28', NULL),
(754, '071003', 'CCAPI', '07', '10', '03', 76, 1, '2023-06-21 19:56:28', NULL),
(755, '071004', 'COLCHA', '07', '10', '04', 76, 1, '2023-06-21 19:56:28', NULL),
(756, '071005', 'HUANOQUITE', '07', '10', '05', 76, 1, '2023-06-21 19:56:28', NULL),
(757, '071006', 'OMACHA', '07', '10', '06', 76, 1, '2023-06-21 19:56:28', NULL),
(758, '071007', 'YAURISQUE', '07', '10', '07', 76, 1, '2023-06-21 19:56:28', NULL),
(759, '071008', 'PACCARITAMBO', '07', '10', '08', 76, 1, '2023-06-21 19:56:28', NULL),
(760, '071009', 'PILLPINTO', '07', '10', '09', 76, 1, '2023-06-21 19:56:28', NULL),
(761, '071101', 'PAUCARTAMBO', '07', '11', '01', 77, 1, '2023-06-21 19:56:28', NULL),
(762, '071102', 'CAICAY', '07', '11', '02', 77, 1, '2023-06-21 19:56:28', NULL),
(763, '071103', 'COLQUEPATA', '07', '11', '03', 77, 1, '2023-06-21 19:56:28', NULL),
(764, '071104', 'CHALLABAMBA', '07', '11', '04', 77, 1, '2023-06-21 19:56:28', NULL),
(765, '071105', 'COSNIPATA', '07', '11', '05', 77, 1, '2023-06-21 19:56:28', NULL),
(766, '071106', 'HUANCARANI', '07', '11', '06', 77, 1, '2023-06-21 19:56:28', NULL),
(767, '071201', 'URCOS', '07', '12', '01', 78, 1, '2023-06-21 19:56:28', NULL),
(768, '071202', 'ANDAHUAYLILLAS', '07', '12', '02', 78, 1, '2023-06-21 19:56:28', NULL),
(769, '071203', 'CAMANTI', '07', '12', '03', 78, 1, '2023-06-21 19:56:28', NULL),
(770, '071204', 'CCARHUAYO', '07', '12', '04', 78, 1, '2023-06-21 19:56:28', NULL),
(771, '071205', 'CCATCA', '07', '12', '05', 78, 1, '2023-06-21 19:56:28', NULL),
(772, '071206', 'CUSIPATA', '07', '12', '06', 78, 1, '2023-06-21 19:56:28', NULL),
(773, '071207', 'HUARO', '07', '12', '07', 78, 1, '2023-06-21 19:56:28', NULL),
(774, '071208', 'LUCRE', '07', '12', '08', 78, 1, '2023-06-21 19:56:28', NULL),
(775, '071209', 'MARCAPATA', '07', '12', '09', 78, 1, '2023-06-21 19:56:28', NULL),
(776, '071210', 'OCONGATE', '07', '12', '10', 78, 1, '2023-06-21 19:56:28', NULL),
(777, '071211', 'OROPESA', '07', '12', '11', 78, 1, '2023-06-21 19:56:28', NULL),
(778, '071212', 'QUIQUIJANA', '07', '12', '12', 78, 1, '2023-06-21 19:56:28', NULL),
(779, '071301', 'URUBAMBA', '07', '13', '01', 79, 1, '2023-06-21 19:56:28', NULL),
(780, '071302', 'CHINCHERO', '07', '13', '02', 79, 1, '2023-06-21 19:56:28', NULL),
(781, '071303', 'HUAYLLABAMBA', '07', '13', '03', 79, 1, '2023-06-21 19:56:28', NULL),
(782, '071304', 'MACHUPICCHU', '07', '13', '04', 79, 1, '2023-06-21 19:56:28', NULL),
(783, '071305', 'MARAS', '07', '13', '05', 79, 1, '2023-06-21 19:56:28', NULL),
(784, '071306', 'OLLANTAYTAMBO', '07', '13', '06', 79, 1, '2023-06-21 19:56:28', NULL),
(785, '071307', 'YUCAY', '07', '13', '07', 79, 1, '2023-06-21 19:56:28', NULL),
(786, '080101', 'HUANCAVELICA', '08', '01', '01', 80, 1, '2023-06-21 19:56:28', NULL),
(787, '080102', 'ACOBAMBILLA', '08', '01', '02', 80, 1, '2023-06-21 19:56:28', NULL),
(788, '080103', 'ACORIA', '08', '01', '03', 80, 1, '2023-06-21 19:56:28', NULL),
(789, '080104', 'CONAYCA', '08', '01', '04', 80, 1, '2023-06-21 19:56:28', NULL),
(790, '080105', 'CUENCA', '08', '01', '05', 80, 1, '2023-06-21 19:56:28', NULL),
(791, '080106', 'HUACHOCOLPA', '08', '01', '06', 80, 1, '2023-06-21 19:56:28', NULL),
(792, '080108', 'HUAYLLAHUARA', '08', '01', '08', 80, 1, '2023-06-21 19:56:28', NULL),
(793, '080109', 'IZCUCHACA', '08', '01', '09', 80, 1, '2023-06-21 19:56:28', NULL),
(794, '080110', 'LARIA', '08', '01', '10', 80, 1, '2023-06-21 19:56:28', NULL),
(795, '080111', 'MANTA', '08', '01', '11', 80, 1, '2023-06-21 19:56:28', NULL),
(796, '080112', 'MARISCAL CACERES', '08', '01', '12', 80, 1, '2023-06-21 19:56:28', NULL),
(797, '080113', 'MOYA', '08', '01', '13', 80, 1, '2023-06-21 19:56:28', NULL),
(798, '080114', 'NUEVO OCCORO', '08', '01', '14', 80, 1, '2023-06-21 19:56:28', NULL),
(799, '080115', 'PALCA', '08', '01', '15', 80, 1, '2023-06-21 19:56:28', NULL),
(800, '080116', 'PILCHACA', '08', '01', '16', 80, 1, '2023-06-21 19:56:28', NULL),
(801, '080117', 'VILCA', '08', '01', '17', 80, 1, '2023-06-21 19:56:28', NULL),
(802, '080118', 'YAULI', '08', '01', '18', 80, 1, '2023-06-21 19:56:28', NULL),
(803, '080119', 'ASCENCION', '08', '01', '19', 80, 1, '2023-06-21 19:56:28', NULL),
(804, '080120', 'HUANDO', '08', '01', '20', 80, 1, '2023-06-21 19:56:28', NULL),
(805, '080201', 'ACOBAMBA', '08', '02', '01', 81, 1, '2023-06-21 19:56:28', NULL),
(806, '080202', 'ANTA', '08', '02', '02', 81, 1, '2023-06-21 19:56:28', NULL),
(807, '080203', 'ANDABAMBA', '08', '02', '03', 81, 1, '2023-06-21 19:56:28', NULL),
(808, '080204', 'CAJA', '08', '02', '04', 81, 1, '2023-06-21 19:56:28', NULL),
(809, '080205', 'MARCAS', '08', '02', '05', 81, 1, '2023-06-21 19:56:28', NULL),
(810, '080206', 'PAUCARA', '08', '02', '06', 81, 1, '2023-06-21 19:56:28', NULL),
(811, '080207', 'POMACOCHA', '08', '02', '07', 81, 1, '2023-06-21 19:56:28', NULL),
(812, '080208', 'ROSARIO', '08', '02', '08', 81, 1, '2023-06-21 19:56:28', NULL),
(813, '080301', 'LIRCAY', '08', '03', '01', 82, 1, '2023-06-21 19:56:28', NULL),
(814, '080302', 'ANCHONGA', '08', '03', '02', 82, 1, '2023-06-21 19:56:28', NULL),
(815, '080303', 'CALLANMARCA', '08', '03', '03', 82, 1, '2023-06-21 19:56:28', NULL),
(816, '080304', 'CONGALLA', '08', '03', '04', 82, 1, '2023-06-21 19:56:28', NULL),
(817, '080305', 'CHINCHO', '08', '03', '05', 82, 1, '2023-06-21 19:56:28', NULL),
(818, '080306', 'HUAYLLAY GRANDE', '08', '03', '06', 82, 1, '2023-06-21 19:56:28', NULL),
(819, '080307', 'HUANCA HUANCA', '08', '03', '07', 82, 1, '2023-06-21 19:56:28', NULL),
(820, '080308', 'JULCAMARCA', '08', '03', '08', 82, 1, '2023-06-21 19:56:28', NULL),
(821, '080309', 'SAN ANTONIO DE ANTAPARCO', '08', '03', '09', 82, 1, '2023-06-21 19:56:28', NULL),
(822, '080310', 'STO TOMAS DE PATA', '08', '03', '10', 82, 1, '2023-06-21 19:56:28', NULL),
(823, '080311', 'SECCLLA', '08', '03', '11', 82, 1, '2023-06-21 19:56:28', NULL),
(824, '080312', 'CCOCHACCASA', '08', '03', '12', 82, 1, '2023-06-21 19:56:28', NULL),
(825, '080401', 'CASTROVIRREYNA', '08', '04', '01', 83, 1, '2023-06-21 19:56:28', NULL),
(826, '080402', 'ARMA', '08', '04', '02', 83, 1, '2023-06-21 19:56:28', NULL),
(827, '080403', 'AURAHUA', '08', '04', '03', 83, 1, '2023-06-21 19:56:28', NULL),
(828, '080405', 'CAPILLAS', '08', '04', '05', 83, 1, '2023-06-21 19:56:28', NULL),
(829, '080406', 'COCAS', '08', '04', '06', 83, 1, '2023-06-21 19:56:28', NULL),
(830, '080408', 'CHUPAMARCA', '08', '04', '08', 83, 1, '2023-06-21 19:56:28', NULL),
(831, '080409', 'HUACHOS', '08', '04', '09', 83, 1, '2023-06-21 19:56:28', NULL),
(832, '080410', 'HUAMATAMBO', '08', '04', '10', 83, 1, '2023-06-21 19:56:28', NULL),
(833, '080414', 'MOLLEPAMPA', '08', '04', '14', 83, 1, '2023-06-21 19:56:28', NULL),
(834, '080422', 'SAN JUAN', '08', '04', '22', 83, 1, '2023-06-21 19:56:28', NULL),
(835, '080427', 'TANTARA', '08', '04', '27', 83, 1, '2023-06-21 19:56:28', NULL),
(836, '080428', 'TICRAPO', '08', '04', '28', 83, 1, '2023-06-21 19:56:28', NULL),
(837, '080429', 'SANTA ANA', '08', '04', '29', 83, 1, '2023-06-21 19:56:28', NULL),
(838, '080501', 'PAMPAS', '08', '05', '01', 84, 1, '2023-06-21 19:56:28', NULL),
(839, '080502', 'ACOSTAMBO', '08', '05', '02', 84, 1, '2023-06-21 19:56:28', NULL),
(840, '080503', 'ACRAQUIA', '08', '05', '03', 84, 1, '2023-06-21 19:56:28', NULL),
(841, '080504', 'AHUAYCHA', '08', '05', '04', 84, 1, '2023-06-21 19:56:28', NULL),
(842, '080506', 'COLCABAMBA', '08', '05', '06', 84, 1, '2023-06-21 19:56:28', NULL),
(843, '080509', 'DANIEL HERNANDEZ', '08', '05', '09', 84, 1, '2023-06-21 19:56:28', NULL),
(844, '080511', 'HUACHOCOLPA', '08', '05', '11', 84, 1, '2023-06-21 19:56:28', NULL),
(845, '080512', 'HUARIBAMBA', '08', '05', '12', 84, 1, '2023-06-21 19:56:28', NULL),
(846, '080515', 'NAHUIMPUQUIO', '08', '05', '15', 84, 1, '2023-06-21 19:56:28', NULL),
(847, '080517', 'PAZOS', '08', '05', '17', 84, 1, '2023-06-21 19:56:28', NULL),
(848, '080518', 'QUISHUAR', '08', '05', '18', 84, 1, '2023-06-21 19:56:28', NULL),
(849, '080519', 'SALCABAMBA', '08', '05', '19', 84, 1, '2023-06-21 19:56:28', NULL),
(850, '080520', 'SAN MARCOS DE ROCCHAC', '08', '05', '20', 84, 1, '2023-06-21 19:56:28', NULL),
(851, '080523', 'SURCUBAMBA', '08', '05', '23', 84, 1, '2023-06-21 19:56:28', NULL),
(852, '080525', 'TINTAY PUNCU', '08', '05', '25', 84, 1, '2023-06-21 19:56:28', NULL),
(853, '080526', 'SALCAHUASI', '08', '05', '26', 84, 1, '2023-06-21 19:56:28', NULL),
(854, '080601', 'AYAVI', '08', '06', '01', 85, 1, '2023-06-21 19:56:28', NULL),
(855, '080602', 'CORDOVA', '08', '06', '02', 85, 1, '2023-06-21 19:56:28', NULL),
(856, '080603', 'HUAYACUNDO ARMA', '08', '06', '03', 85, 1, '2023-06-21 19:56:28', NULL),
(857, '080604', 'HUAYTARA', '08', '06', '04', 85, 1, '2023-06-21 19:56:28', NULL),
(858, '080605', 'LARAMARCA', '08', '06', '05', 85, 1, '2023-06-21 19:56:28', NULL),
(859, '080606', 'OCOYO', '08', '06', '06', 85, 1, '2023-06-21 19:56:28', NULL),
(860, '080607', 'PILPICHACA', '08', '06', '07', 85, 1, '2023-06-21 19:56:28', NULL),
(861, '080608', 'QUERCO', '08', '06', '08', 85, 1, '2023-06-21 19:56:28', NULL),
(862, '080609', 'QUITO ARMA', '08', '06', '09', 85, 1, '2023-06-21 19:56:28', NULL),
(863, '080610', 'SAN ANTONIO DE CUSICANCHA', '08', '06', '10', 85, 1, '2023-06-21 19:56:28', NULL),
(864, '080611', 'SAN FRANCISCO DE SANGAYAICO', '08', '06', '11', 85, 1, '2023-06-21 19:56:28', NULL),
(865, '080612', 'SAN ISIDRO', '08', '06', '12', 85, 1, '2023-06-21 19:56:28', NULL),
(866, '080613', 'SANTIAGO DE CHOCORVOS', '08', '06', '13', 85, 1, '2023-06-21 19:56:28', NULL),
(867, '080614', 'SANTIAGO DE QUIRAHUARA', '08', '06', '14', 85, 1, '2023-06-21 19:56:28', NULL),
(868, '080615', 'SANTO DOMINGO DE CAPILLA', '08', '06', '15', 85, 1, '2023-06-21 19:56:28', NULL),
(869, '080616', 'TAMBO', '08', '06', '16', 85, 1, '2023-06-21 19:56:28', NULL),
(870, '080701', 'CHURCAMPA', '08', '07', '01', 86, 1, '2023-06-21 19:56:28', NULL),
(871, '080702', 'ANCO', '08', '07', '02', 86, 1, '2023-06-21 19:56:28', NULL),
(872, '080703', 'CHINCHIHUASI', '08', '07', '03', 86, 1, '2023-06-21 19:56:28', NULL),
(873, '080704', 'EL CARMEN', '08', '07', '04', 86, 1, '2023-06-21 19:56:28', NULL),
(874, '080705', 'LA MERCED', '08', '07', '05', 86, 1, '2023-06-21 19:56:28', NULL),
(875, '080706', 'LOCROJA', '08', '07', '06', 86, 1, '2023-06-21 19:56:28', NULL),
(876, '080707', 'PAUCARBAMBA', '08', '07', '07', 86, 1, '2023-06-21 19:56:28', NULL),
(877, '080708', 'SAN MIGUEL DE MAYOC', '08', '07', '08', 86, 1, '2023-06-21 19:56:28', NULL),
(878, '080709', 'SAN PEDRO DE CORIS', '08', '07', '09', 86, 1, '2023-06-21 19:56:28', NULL),
(879, '080710', 'PACHAMARCA', '08', '07', '10', 86, 1, '2023-06-21 19:56:28', NULL),
(880, '090101', 'HUANUCO', '09', '01', '01', 87, 1, '2023-06-21 19:56:28', NULL),
(881, '090102', 'CHINCHAO', '09', '01', '02', 87, 1, '2023-06-21 19:56:28', NULL),
(882, '090103', 'CHURUBAMBA', '09', '01', '03', 87, 1, '2023-06-21 19:56:28', NULL),
(883, '090104', 'MARGOS', '09', '01', '04', 87, 1, '2023-06-21 19:56:28', NULL),
(884, '090105', 'QUISQUI', '09', '01', '05', 87, 1, '2023-06-21 19:56:28', NULL),
(885, '090106', 'SAN FCO DE CAYRAN', '09', '01', '06', 87, 1, '2023-06-21 19:56:28', NULL),
(886, '090107', 'SAN PEDRO DE CHAULAN', '09', '01', '07', 87, 1, '2023-06-21 19:56:28', NULL),
(887, '090108', 'STA MARIA DEL VALLE', '09', '01', '08', 87, 1, '2023-06-21 19:56:28', NULL),
(888, '090109', 'YARUMAYO', '09', '01', '09', 87, 1, '2023-06-21 19:56:28', NULL),
(889, '090110', 'AMARILIS', '09', '01', '10', 87, 1, '2023-06-21 19:56:28', NULL),
(890, '090111', 'PILLCO MARCA', '09', '01', '11', 87, 1, '2023-06-21 19:56:28', NULL),
(891, '090201', 'AMBO', '09', '02', '01', 88, 1, '2023-06-21 19:56:28', NULL),
(892, '090202', 'CAYNA', '09', '02', '02', 88, 1, '2023-06-21 19:56:28', NULL),
(893, '090203', 'COLPAS', '09', '02', '03', 88, 1, '2023-06-21 19:56:28', NULL),
(894, '090204', 'CONCHAMARCA', '09', '02', '04', 88, 1, '2023-06-21 19:56:28', NULL),
(895, '090205', 'HUACAR', '09', '02', '05', 88, 1, '2023-06-21 19:56:28', NULL),
(896, '090206', 'SAN FRANCISCO', '09', '02', '06', 88, 1, '2023-06-21 19:56:28', NULL),
(897, '090207', 'SAN RAFAEL', '09', '02', '07', 88, 1, '2023-06-21 19:56:28', NULL),
(898, '090208', 'TOMAY KICHWA', '09', '02', '08', 88, 1, '2023-06-21 19:56:28', NULL),
(899, '090301', 'LA UNION', '09', '03', '01', 89, 1, '2023-06-21 19:56:28', NULL),
(900, '090307', 'CHUQUIS', '09', '03', '07', 89, 1, '2023-06-21 19:56:28', NULL),
(901, '090312', 'MARIAS', '09', '03', '12', 89, 1, '2023-06-21 19:56:28', NULL),
(902, '090314', 'PACHAS', '09', '03', '14', 89, 1, '2023-06-21 19:56:28', NULL),
(903, '090316', 'QUIVILLA', '09', '03', '16', 89, 1, '2023-06-21 19:56:28', NULL),
(904, '090317', 'RIPAN', '09', '03', '17', 89, 1, '2023-06-21 19:56:28', NULL),
(905, '090321', 'SHUNQUI', '09', '03', '21', 89, 1, '2023-06-21 19:56:28', NULL),
(906, '090322', 'SILLAPATA', '09', '03', '22', 89, 1, '2023-06-21 19:56:28', NULL),
(907, '090323', 'YANAS', '09', '03', '23', 89, 1, '2023-06-21 19:56:28', NULL),
(908, '090401', 'LLATA', '09', '04', '01', 90, 1, '2023-06-21 19:56:28', NULL),
(909, '090402', 'ARANCAY', '09', '04', '02', 90, 1, '2023-06-21 19:56:28', NULL),
(910, '090403', 'CHAVIN DE PARIARCA', '09', '04', '03', 90, 1, '2023-06-21 19:56:28', NULL),
(911, '090404', 'JACAS GRANDE', '09', '04', '04', 90, 1, '2023-06-21 19:56:28', NULL),
(912, '090405', 'JIRCAN', '09', '04', '05', 90, 1, '2023-06-21 19:56:28', NULL),
(913, '090406', 'MIRAFLORES', '09', '04', '06', 90, 1, '2023-06-21 19:56:28', NULL),
(914, '090407', 'MONZON', '09', '04', '07', 90, 1, '2023-06-21 19:56:28', NULL),
(915, '090408', 'PUNCHAO', '09', '04', '08', 90, 1, '2023-06-21 19:56:28', NULL),
(916, '090409', 'PUNOS', '09', '04', '09', 90, 1, '2023-06-21 19:56:28', NULL),
(917, '090410', 'SINGA', '09', '04', '10', 90, 1, '2023-06-21 19:56:28', NULL),
(918, '090411', 'TANTAMAYO', '09', '04', '11', 90, 1, '2023-06-21 19:56:28', NULL),
(919, '090501', 'HUACRACHUCO', '09', '05', '01', 91, 1, '2023-06-21 19:56:28', NULL),
(920, '090502', 'CHOLON', '09', '05', '02', 91, 1, '2023-06-21 19:56:28', NULL),
(921, '090505', 'SAN BUENAVENTURA', '09', '05', '05', 91, 1, '2023-06-21 19:56:28', NULL),
(922, '090601', 'RUPA RUPA', '09', '06', '01', 92, 1, '2023-06-21 19:56:28', NULL),
(923, '090602', 'DANIEL ALOMIA ROBLES', '09', '06', '02', 92, 1, '2023-06-21 19:56:28', NULL),
(924, '090603', 'HERMILIO VALDIZAN', '09', '06', '03', 92, 1, '2023-06-21 19:56:28', NULL),
(925, '090604', 'LUYANDO', '09', '06', '04', 92, 1, '2023-06-21 19:56:28', NULL),
(926, '090605', 'MARIANO DAMASO BERAUN', '09', '06', '05', 92, 1, '2023-06-21 19:56:28', NULL),
(927, '090606', 'JOSE CRESPO Y CASTILLO', '09', '06', '06', 92, 1, '2023-06-21 19:56:28', NULL),
(928, '090701', 'PANAO', '09', '07', '01', 93, 1, '2023-06-21 19:56:28', NULL),
(929, '090702', 'CHAGLLA', '09', '07', '02', 93, 1, '2023-06-21 19:56:28', NULL),
(930, '090704', 'MOLINO', '09', '07', '04', 93, 1, '2023-06-21 19:56:28', NULL),
(931, '090706', 'UMARI', '09', '07', '06', 93, 1, '2023-06-21 19:56:28', NULL),
(932, '090801', 'HONORIA', '09', '08', '01', 94, 1, '2023-06-21 19:56:28', NULL),
(933, '090802', 'PUERTO INCA', '09', '08', '02', 94, 1, '2023-06-21 19:56:28', NULL),
(934, '090803', 'CODO DEL POZUZO', '09', '08', '03', 94, 1, '2023-06-21 19:56:28', NULL),
(935, '090804', 'TOURNAVISTA', '09', '08', '04', 94, 1, '2023-06-21 19:56:28', NULL),
(936, '090805', 'YUYAPICHIS', '09', '08', '05', 94, 1, '2023-06-21 19:56:28', NULL),
(937, '090901', 'HUACAYBAMBA', '09', '09', '01', 95, 1, '2023-06-21 19:56:28', NULL),
(938, '090902', 'PINRA', '09', '09', '02', 95, 1, '2023-06-21 19:56:28', NULL),
(939, '090903', 'CANCHABAMBA', '09', '09', '03', 95, 1, '2023-06-21 19:56:28', NULL),
(940, '090904', 'COCHABAMBA', '09', '09', '04', 95, 1, '2023-06-21 19:56:28', NULL),
(941, '091001', 'JESUS', '09', '10', '01', 96, 1, '2023-06-21 19:56:28', NULL),
(942, '091002', 'BANOS', '09', '10', '02', 96, 1, '2023-06-21 19:56:28', NULL),
(943, '091003', 'SAN FRANCISCO DE ASIS', '09', '10', '03', 96, 1, '2023-06-21 19:56:28', NULL),
(944, '091004', 'QUEROPALCA', '09', '10', '04', 96, 1, '2023-06-21 19:56:28', NULL),
(945, '091005', 'SAN MIGUEL DE CAURI', '09', '10', '05', 96, 1, '2023-06-21 19:56:28', NULL),
(946, '091006', 'RONDOS', '09', '10', '06', 96, 1, '2023-06-21 19:56:28', NULL),
(947, '091007', 'JIVIA', '09', '10', '07', 96, 1, '2023-06-21 19:56:28', NULL),
(948, '091101', 'CHAVINILLO', '09', '11', '01', 97, 1, '2023-06-21 19:56:28', NULL),
(949, '091102', 'APARICIO POMARES (CHUPAN)', '09', '11', '02', 97, 1, '2023-06-21 19:56:28', NULL),
(950, '091103', 'CAHUAC', '09', '11', '03', 97, 1, '2023-06-21 19:56:28', NULL),
(951, '091104', 'CHACABAMBA', '09', '11', '04', 97, 1, '2023-06-21 19:56:28', NULL),
(952, '091105', 'JACAS CHICO', '09', '11', '05', 97, 1, '2023-06-21 19:56:28', NULL),
(953, '091106', 'OBAS', '09', '11', '06', 97, 1, '2023-06-21 19:56:28', NULL),
(954, '091107', 'PAMPAMARCA', '09', '11', '07', 97, 1, '2023-06-21 19:56:28', NULL),
(955, '091108', 'CHORAS', '09', '11', '08', 97, 1, '2023-06-21 19:56:28', NULL),
(956, '100101', 'ICA', '10', '01', '01', 98, 1, '2023-06-21 19:56:28', NULL),
(957, '100102', 'LA TINGUINA', '10', '01', '02', 98, 1, '2023-06-21 19:56:28', NULL),
(958, '100103', 'LOS AQUIJES', '10', '01', '03', 98, 1, '2023-06-21 19:56:28', NULL),
(959, '100104', 'PARCONA', '10', '01', '04', 98, 1, '2023-06-21 19:56:28', NULL),
(960, '100105', 'PUEBLO NUEVO', '10', '01', '05', 98, 1, '2023-06-21 19:56:28', NULL),
(961, '100106', 'SALAS', '10', '01', '06', 98, 1, '2023-06-21 19:56:28', NULL),
(962, '100107', 'SAN JOSE DE LOS MOLINOS', '10', '01', '07', 98, 1, '2023-06-21 19:56:28', NULL),
(963, '100108', 'SAN JUAN BAUTISTA', '10', '01', '08', 98, 1, '2023-06-21 19:56:28', NULL),
(964, '100109', 'SANTIAGO', '10', '01', '09', 98, 1, '2023-06-21 19:56:28', NULL),
(965, '100110', 'SUBTANJALLA', '10', '01', '10', 98, 1, '2023-06-21 19:56:28', NULL),
(966, '100111', 'YAUCA DEL ROSARIO', '10', '01', '11', 98, 1, '2023-06-21 19:56:28', NULL),
(967, '100112', 'TATE', '10', '01', '12', 98, 1, '2023-06-21 19:56:28', NULL),
(968, '100113', 'PACHACUTEC', '10', '01', '13', 98, 1, '2023-06-21 19:56:28', NULL),
(969, '100114', 'OCUCAJE', '10', '01', '14', 98, 1, '2023-06-21 19:56:28', NULL),
(970, '100201', 'CHINCHA ALTA', '10', '02', '01', 99, 1, '2023-06-21 19:56:28', NULL),
(971, '100202', 'CHAVIN', '10', '02', '02', 99, 1, '2023-06-21 19:56:28', NULL),
(972, '100203', 'CHINCHA BAJA', '10', '02', '03', 99, 1, '2023-06-21 19:56:28', NULL),
(973, '100204', 'EL CARMEN', '10', '02', '04', 99, 1, '2023-06-21 19:56:28', NULL),
(974, '100205', 'GROCIO PRADO', '10', '02', '05', 99, 1, '2023-06-21 19:56:28', NULL),
(975, '100206', 'SAN PEDRO DE HUACARPANA', '10', '02', '06', 99, 1, '2023-06-21 19:56:28', NULL),
(976, '100207', 'SUNAMPE', '10', '02', '07', 99, 1, '2023-06-21 19:56:28', NULL),
(977, '100208', 'TAMBO DE MORA', '10', '02', '08', 99, 1, '2023-06-21 19:56:28', NULL),
(978, '100209', 'ALTO LARAN', '10', '02', '09', 99, 1, '2023-06-21 19:56:28', NULL),
(979, '100210', 'PUEBLO NUEVO', '10', '02', '10', 99, 1, '2023-06-21 19:56:28', NULL),
(980, '100211', 'SAN JUAN DE YANAC', '10', '02', '11', 99, 1, '2023-06-21 19:56:28', NULL),
(981, '100301', 'NAZCA', '10', '03', '01', 100, 1, '2023-06-21 19:56:28', NULL),
(982, '100302', 'CHANGUILLO', '10', '03', '02', 100, 1, '2023-06-21 19:56:28', NULL),
(983, '100303', 'EL INGENIO', '10', '03', '03', 100, 1, '2023-06-21 19:56:28', NULL),
(984, '100304', 'MARCONA', '10', '03', '04', 100, 1, '2023-06-21 19:56:28', NULL),
(985, '100305', 'VISTA ALEGRE', '10', '03', '05', 100, 1, '2023-06-21 19:56:28', NULL),
(986, '100401', 'PISCO', '10', '04', '01', 101, 1, '2023-06-21 19:56:28', NULL),
(987, '100402', 'HUANCANO', '10', '04', '02', 101, 1, '2023-06-21 19:56:28', NULL),
(988, '100403', 'HUMAY', '10', '04', '03', 101, 1, '2023-06-21 19:56:28', NULL),
(989, '100404', 'INDEPENDENCIA', '10', '04', '04', 101, 1, '2023-06-21 19:56:28', NULL),
(990, '100405', 'PARACAS', '10', '04', '05', 101, 1, '2023-06-21 19:56:28', NULL),
(991, '100406', 'SAN ANDRES', '10', '04', '06', 101, 1, '2023-06-21 19:56:28', NULL),
(992, '100407', 'SAN CLEMENTE', '10', '04', '07', 101, 1, '2023-06-21 19:56:28', NULL),
(993, '100408', 'TUPAC AMARU INCA', '10', '04', '08', 101, 1, '2023-06-21 19:56:28', NULL),
(994, '100501', 'PALPA', '10', '05', '01', 102, 1, '2023-06-21 19:56:28', NULL),
(995, '100502', 'LLIPATA', '10', '05', '02', 102, 1, '2023-06-21 19:56:28', NULL),
(996, '100503', 'RIO GRANDE', '10', '05', '03', 102, 1, '2023-06-21 19:56:28', NULL),
(997, '100504', 'SANTA CRUZ', '10', '05', '04', 102, 1, '2023-06-21 19:56:28', NULL),
(998, '100505', 'TIBILLO', '10', '05', '05', 102, 1, '2023-06-21 19:56:28', NULL),
(999, '110101', 'HUANCAYO', '11', '01', '01', 103, 1, '2023-06-21 19:56:28', NULL),
(1000, '110103', 'CARHUACALLANGA', '11', '01', '03', 103, 1, '2023-06-21 19:56:28', NULL),
(1001, '110104', 'COLCA', '11', '01', '04', 103, 1, '2023-06-21 19:56:28', NULL),
(1002, '110105', 'CULLHUAS', '11', '01', '05', 103, 1, '2023-06-21 19:56:28', NULL),
(1003, '110106', 'CHACAPAMPA', '11', '01', '06', 103, 1, '2023-06-21 19:56:28', NULL),
(1004, '110107', 'CHICCHE', '11', '01', '07', 103, 1, '2023-06-21 19:56:28', NULL),
(1005, '110108', 'CHILCA', '11', '01', '08', 103, 1, '2023-06-21 19:56:28', NULL),
(1006, '110109', 'CHONGOS ALTO', '11', '01', '09', 103, 1, '2023-06-21 19:56:28', NULL),
(1007, '110112', 'CHUPURO', '11', '01', '12', 103, 1, '2023-06-21 19:56:28', NULL),
(1008, '110113', 'EL TAMBO', '11', '01', '13', 103, 1, '2023-06-21 19:56:28', NULL),
(1009, '110114', 'HUACRAPUQUIO', '11', '01', '14', 103, 1, '2023-06-21 19:56:28', NULL),
(1010, '110116', 'HUALHUAS', '11', '01', '16', 103, 1, '2023-06-21 19:56:28', NULL),
(1011, '110118', 'HUANCAN', '11', '01', '18', 103, 1, '2023-06-21 19:56:28', NULL),
(1012, '110119', 'HUASICANCHA', '11', '01', '19', 103, 1, '2023-06-21 19:56:28', NULL),
(1013, '110120', 'HUAYUCACHI', '11', '01', '20', 103, 1, '2023-06-21 19:56:28', NULL),
(1014, '110121', 'INGENIO', '11', '01', '21', 103, 1, '2023-06-21 19:56:28', NULL),
(1015, '110122', 'PARIAHUANCA', '11', '01', '22', 103, 1, '2023-06-21 19:56:28', NULL),
(1016, '110123', 'PILCOMAYO', '11', '01', '23', 103, 1, '2023-06-21 19:56:28', NULL),
(1017, '110124', 'PUCARA', '11', '01', '24', 103, 1, '2023-06-21 19:56:28', NULL),
(1018, '110125', 'QUICHUAY', '11', '01', '25', 103, 1, '2023-06-21 19:56:28', NULL),
(1019, '110126', 'QUILCAS', '11', '01', '26', 103, 1, '2023-06-21 19:56:28', NULL),
(1020, '110127', 'SAN AGUSTIN', '11', '01', '27', 103, 1, '2023-06-21 19:56:28', NULL),
(1021, '110128', 'SAN JERONIMO DE TUNAN', '11', '01', '28', 103, 1, '2023-06-21 19:56:28', NULL),
(1022, '110131', 'STO DOMINGO DE ACOBAMBA', '11', '01', '31', 103, 1, '2023-06-21 19:56:28', NULL),
(1023, '110132', 'SANO', '11', '01', '32', 103, 1, '2023-06-21 19:56:28', NULL),
(1024, '110133', 'SAPALLANGA', '11', '01', '33', 103, 1, '2023-06-21 19:56:28', NULL),
(1025, '110134', 'SICAYA', '11', '01', '34', 103, 1, '2023-06-21 19:56:28', NULL),
(1026, '110136', 'VIQUES', '11', '01', '36', 103, 1, '2023-06-21 19:56:28', NULL),
(1027, '110201', 'CONCEPCION', '11', '02', '01', 104, 1, '2023-06-21 19:56:28', NULL),
(1028, '110202', 'ACO', '11', '02', '02', 104, 1, '2023-06-21 19:56:28', NULL),
(1029, '110203', 'ANDAMARCA', '11', '02', '03', 104, 1, '2023-06-21 19:56:28', NULL),
(1030, '110204', 'COMAS', '11', '02', '04', 104, 1, '2023-06-21 19:56:28', NULL),
(1031, '110205', 'COCHAS', '11', '02', '05', 104, 1, '2023-06-21 19:56:28', NULL),
(1032, '110206', 'CHAMBARA', '11', '02', '06', 104, 1, '2023-06-21 19:56:28', NULL),
(1033, '110207', 'HEROINAS TOLEDO', '11', '02', '07', 104, 1, '2023-06-21 19:56:28', NULL),
(1034, '110208', 'MANZANARES', '11', '02', '08', 104, 1, '2023-06-21 19:56:28', NULL),
(1035, '110209', 'MCAL CASTILLA', '11', '02', '09', 104, 1, '2023-06-21 19:56:28', NULL),
(1036, '110210', 'MATAHUASI', '11', '02', '10', 104, 1, '2023-06-21 19:56:28', NULL),
(1037, '110211', 'MITO', '11', '02', '11', 104, 1, '2023-06-21 19:56:28', NULL),
(1038, '110212', 'NUEVE DE JULIO', '11', '02', '12', 104, 1, '2023-06-21 19:56:28', NULL),
(1039, '110213', 'ORCOTUNA', '11', '02', '13', 104, 1, '2023-06-21 19:56:28', NULL),
(1040, '110214', 'STA ROSA DE OCOPA', '11', '02', '14', 104, 1, '2023-06-21 19:56:28', NULL),
(1041, '110215', 'SAN JOSE DE QUERO', '11', '02', '15', 104, 1, '2023-06-21 19:56:28', NULL),
(1042, '110301', 'JAUJA', '11', '03', '01', 105, 1, '2023-06-21 19:56:28', NULL),
(1043, '110302', 'ACOLLA', '11', '03', '02', 105, 1, '2023-06-21 19:56:28', NULL),
(1044, '110303', 'APATA', '11', '03', '03', 105, 1, '2023-06-21 19:56:28', NULL),
(1045, '110304', 'ATAURA', '11', '03', '04', 105, 1, '2023-06-21 19:56:28', NULL),
(1046, '110305', 'CANCHAILLO', '11', '03', '05', 105, 1, '2023-06-21 19:56:28', NULL),
(1047, '110306', 'EL MANTARO', '11', '03', '06', 105, 1, '2023-06-21 19:56:28', NULL),
(1048, '110307', 'HUAMALI', '11', '03', '07', 105, 1, '2023-06-21 19:56:28', NULL),
(1049, '110308', 'HUARIPAMPA', '11', '03', '08', 105, 1, '2023-06-21 19:56:28', NULL),
(1050, '110309', 'HUERTAS', '11', '03', '09', 105, 1, '2023-06-21 19:56:28', NULL),
(1051, '110310', 'JANJAILLO', '11', '03', '10', 105, 1, '2023-06-21 19:56:28', NULL),
(1052, '110311', 'JULCAN', '11', '03', '11', 105, 1, '2023-06-21 19:56:28', NULL),
(1053, '110312', 'LEONOR ORDONEZ', '11', '03', '12', 105, 1, '2023-06-21 19:56:28', NULL),
(1054, '110313', 'LLOCLLAPAMPA', '11', '03', '13', 105, 1, '2023-06-21 19:56:28', NULL),
(1055, '110314', 'MARCO', '11', '03', '14', 105, 1, '2023-06-21 19:56:28', NULL),
(1056, '110315', 'MASMA', '11', '03', '15', 105, 1, '2023-06-21 19:56:28', NULL),
(1057, '110316', 'MOLINOS', '11', '03', '16', 105, 1, '2023-06-21 19:56:28', NULL),
(1058, '110317', 'MONOBAMBA', '11', '03', '17', 105, 1, '2023-06-21 19:56:28', NULL),
(1059, '110318', 'MUQUI', '11', '03', '18', 105, 1, '2023-06-21 19:56:28', NULL),
(1060, '110319', 'MUQUIYAUYO', '11', '03', '19', 105, 1, '2023-06-21 19:56:28', NULL),
(1061, '110320', 'PACA', '11', '03', '20', 105, 1, '2023-06-21 19:56:28', NULL),
(1062, '110321', 'PACCHA', '11', '03', '21', 105, 1, '2023-06-21 19:56:28', NULL),
(1063, '110322', 'PANCAN', '11', '03', '22', 105, 1, '2023-06-21 19:56:28', NULL),
(1064, '110323', 'PARCO', '11', '03', '23', 105, 1, '2023-06-21 19:56:28', NULL),
(1065, '110324', 'POMACANCHA', '11', '03', '24', 105, 1, '2023-06-21 19:56:28', NULL),
(1066, '110325', 'RICRAN', '11', '03', '25', 105, 1, '2023-06-21 19:56:28', NULL),
(1067, '110326', 'SAN LORENZO', '11', '03', '26', 105, 1, '2023-06-21 19:56:28', NULL),
(1068, '110327', 'SAN PEDRO DE CHUNAN', '11', '03', '27', 105, 1, '2023-06-21 19:56:28', NULL),
(1069, '110328', 'SINCOS', '11', '03', '28', 105, 1, '2023-06-21 19:56:28', NULL),
(1070, '110329', 'TUNAN MARCA', '11', '03', '29', 105, 1, '2023-06-21 19:56:28', NULL),
(1071, '110330', 'YAULI', '11', '03', '30', 105, 1, '2023-06-21 19:56:28', NULL),
(1072, '110331', 'CURICACA', '11', '03', '31', 105, 1, '2023-06-21 19:56:28', NULL),
(1073, '110332', 'MASMA CHICCHE', '11', '03', '32', 105, 1, '2023-06-21 19:56:28', NULL),
(1074, '110333', 'SAUSA', '11', '03', '33', 105, 1, '2023-06-21 19:56:28', NULL),
(1075, '110334', 'YAUYOS', '11', '03', '34', 105, 1, '2023-06-21 19:56:28', NULL),
(1076, '110401', 'JUNIN', '11', '04', '01', 106, 1, '2023-06-21 19:56:28', NULL),
(1077, '110402', 'CARHUAMAYO', '11', '04', '02', 106, 1, '2023-06-21 19:56:28', NULL),
(1078, '110403', 'ONDORES', '11', '04', '03', 106, 1, '2023-06-21 19:56:28', NULL),
(1079, '110404', 'ULCUMAYO', '11', '04', '04', 106, 1, '2023-06-21 19:56:28', NULL),
(1080, '110501', 'TARMA', '11', '05', '01', 107, 1, '2023-06-21 19:56:28', NULL),
(1081, '110502', 'ACOBAMBA', '11', '05', '02', 107, 1, '2023-06-21 19:56:28', NULL),
(1082, '110503', 'HUARICOLCA', '11', '05', '03', 107, 1, '2023-06-21 19:56:28', NULL),
(1083, '110504', 'HUASAHUASI', '11', '05', '04', 107, 1, '2023-06-21 19:56:28', NULL),
(1084, '110505', 'LA UNION', '11', '05', '05', 107, 1, '2023-06-21 19:56:28', NULL),
(1085, '110506', 'PALCA', '11', '05', '06', 107, 1, '2023-06-21 19:56:28', NULL),
(1086, '110507', 'PALCAMAYO', '11', '05', '07', 107, 1, '2023-06-21 19:56:28', NULL),
(1087, '110508', 'SAN PEDRO DE CAJAS', '11', '05', '08', 107, 1, '2023-06-21 19:56:28', NULL),
(1088, '110509', 'TAPO', '11', '05', '09', 107, 1, '2023-06-21 19:56:28', NULL),
(1089, '110601', 'LA OROYA', '11', '06', '01', 108, 1, '2023-06-21 19:56:28', NULL),
(1090, '110602', 'CHACAPALPA', '11', '06', '02', 108, 1, '2023-06-21 19:56:28', NULL),
(1091, '110603', 'HUAY HUAY', '11', '06', '03', 108, 1, '2023-06-21 19:56:28', NULL),
(1092, '110604', 'MARCAPOMACOCHA', '11', '06', '04', 108, 1, '2023-06-21 19:56:28', NULL),
(1093, '110605', 'MOROCOCHA', '11', '06', '05', 108, 1, '2023-06-21 19:56:28', NULL),
(1094, '110606', 'PACCHA', '11', '06', '06', 108, 1, '2023-06-21 19:56:28', NULL),
(1095, '110607', 'STA BARBARA DE CARHUACAYAN', '11', '06', '07', 108, 1, '2023-06-21 19:56:28', NULL),
(1096, '110608', 'SUITUCANCHA', '11', '06', '08', 108, 1, '2023-06-21 19:56:28', NULL),
(1097, '110609', 'YAULI', '11', '06', '09', 108, 1, '2023-06-21 19:56:28', NULL),
(1098, '110610', 'STA ROSA DE SACCO', '11', '06', '10', 108, 1, '2023-06-21 19:56:28', NULL),
(1099, '110701', 'SATIPO', '11', '07', '01', 109, 1, '2023-06-21 19:56:28', NULL),
(1100, '110702', 'COVIRIALI', '11', '07', '02', 109, 1, '2023-06-21 19:56:28', NULL),
(1101, '110703', 'LLAYLLA', '11', '07', '03', 109, 1, '2023-06-21 19:56:28', NULL),
(1102, '110704', 'MAZAMARI', '11', '07', '04', 109, 1, '2023-06-21 19:56:28', NULL),
(1103, '110705', 'PAMPA HERMOSA', '11', '07', '05', 109, 1, '2023-06-21 19:56:28', NULL),
(1104, '110706', 'PANGOA', '11', '07', '06', 109, 1, '2023-06-21 19:56:28', NULL),
(1105, '110707', 'RIO NEGRO', '11', '07', '07', 109, 1, '2023-06-21 19:56:28', NULL),
(1106, '110708', 'RIO TAMBO', '11', '07', '08', 109, 1, '2023-06-21 19:56:28', NULL),
(1107, '110801', 'CHANCHAMAYO', '11', '08', '01', 110, 1, '2023-06-21 19:56:28', NULL),
(1108, '110802', 'SAN RAMON', '11', '08', '02', 110, 1, '2023-06-21 19:56:28', NULL),
(1109, '110803', 'VITOC', '11', '08', '03', 110, 1, '2023-06-21 19:56:28', NULL),
(1110, '110804', 'SAN LUIS DE SHUARO', '11', '08', '04', 110, 1, '2023-06-21 19:56:28', NULL),
(1111, '110805', 'PICHANAQUI', '11', '08', '05', 110, 1, '2023-06-21 19:56:28', NULL),
(1112, '110806', 'PERENE', '11', '08', '06', 110, 1, '2023-06-21 19:56:28', NULL),
(1113, '110901', 'CHUPACA', '11', '09', '01', 111, 1, '2023-06-21 19:56:28', NULL),
(1114, '110902', 'AHUAC', '11', '09', '02', 111, 1, '2023-06-21 19:56:28', NULL),
(1115, '110903', 'CHONGOS BAJO', '11', '09', '03', 111, 1, '2023-06-21 19:56:28', NULL),
(1116, '110904', 'HUACHAC', '11', '09', '04', 111, 1, '2023-06-21 19:56:28', NULL),
(1117, '110905', 'HUAMANCACA CHICO', '11', '09', '05', 111, 1, '2023-06-21 19:56:28', NULL),
(1118, '110906', 'SAN JUAN DE ISCOS', '11', '09', '06', 111, 1, '2023-06-21 19:56:28', NULL),
(1119, '110907', 'SAN JUAN DE JARPA', '11', '09', '07', 111, 1, '2023-06-21 19:56:28', NULL),
(1120, '110908', 'TRES DE DICIEMBRE', '11', '09', '08', 111, 1, '2023-06-21 19:56:28', NULL),
(1121, '110909', 'YANACANCHA', '11', '09', '09', 111, 1, '2023-06-21 19:56:28', NULL),
(1122, '120101', 'TRUJILLO', '12', '01', '01', 112, 1, '2023-06-21 19:56:28', NULL),
(1123, '120102', 'HUANCHACO', '12', '01', '02', 112, 1, '2023-06-21 19:56:28', NULL),
(1124, '120103', 'LAREDO', '12', '01', '03', 112, 1, '2023-06-21 19:56:28', NULL),
(1125, '120104', 'MOCHE', '12', '01', '04', 112, 1, '2023-06-21 19:56:28', NULL),
(1126, '120105', 'SALAVERRY', '12', '01', '05', 112, 1, '2023-06-21 19:56:28', NULL),
(1127, '120106', 'SIMBAL', '12', '01', '06', 112, 1, '2023-06-21 19:56:28', NULL),
(1128, '120107', 'VICTOR LARCO HERRERA', '12', '01', '07', 112, 1, '2023-06-21 19:56:28', NULL),
(1129, '120109', 'POROTO', '12', '01', '09', 112, 1, '2023-06-21 19:56:28', NULL),
(1130, '120110', 'EL PORVENIR', '12', '01', '10', 112, 1, '2023-06-21 19:56:28', NULL),
(1131, '120111', 'LA ESPERANZA', '12', '01', '11', 112, 1, '2023-06-21 19:56:28', NULL),
(1132, '120112', 'FLORENCIA DE MORA', '12', '01', '12', 112, 1, '2023-06-21 19:56:28', NULL),
(1133, '120201', 'BOLIVAR', '12', '02', '01', 113, 1, '2023-06-21 19:56:28', NULL),
(1134, '120202', 'BAMBAMARCA', '12', '02', '02', 113, 1, '2023-06-21 19:56:28', NULL),
(1135, '120203', 'CONDORMARCA', '12', '02', '03', 113, 1, '2023-06-21 19:56:28', NULL),
(1136, '120204', 'LONGOTEA', '12', '02', '04', 113, 1, '2023-06-21 19:56:28', NULL),
(1137, '120205', 'UCUNCHA', '12', '02', '05', 113, 1, '2023-06-21 19:56:28', NULL),
(1138, '120206', 'UCHUMARCA', '12', '02', '06', 113, 1, '2023-06-21 19:56:28', NULL),
(1139, '120301', 'HUAMACHUCO', '12', '03', '01', 114, 1, '2023-06-21 19:56:28', NULL),
(1140, '120302', 'COCHORCO', '12', '03', '02', 114, 1, '2023-06-21 19:56:28', NULL),
(1141, '120303', 'CURGOS', '12', '03', '03', 114, 1, '2023-06-21 19:56:28', NULL),
(1142, '120304', 'CHUGAY', '12', '03', '04', 114, 1, '2023-06-21 19:56:28', NULL),
(1143, '120305', 'MARCABAL', '12', '03', '05', 114, 1, '2023-06-21 19:56:28', NULL),
(1144, '120306', 'SANAGORAN', '12', '03', '06', 114, 1, '2023-06-21 19:56:28', NULL),
(1145, '120307', 'SARIN', '12', '03', '07', 114, 1, '2023-06-21 19:56:28', NULL),
(1146, '120308', 'SARTIMBAMBA', '12', '03', '08', 114, 1, '2023-06-21 19:56:28', NULL),
(1147, '120401', 'OTUZCO', '12', '04', '01', 115, 1, '2023-06-21 19:56:28', NULL),
(1148, '120402', 'AGALLPAMPA', '12', '04', '02', 115, 1, '2023-06-21 19:56:28', NULL),
(1149, '120403', 'CHARAT', '12', '04', '03', 115, 1, '2023-06-21 19:56:28', NULL),
(1150, '120404', 'HUARANCHAL', '12', '04', '04', 115, 1, '2023-06-21 19:56:28', NULL),
(1151, '120405', 'LA CUESTA', '12', '04', '05', 115, 1, '2023-06-21 19:56:28', NULL),
(1152, '120408', 'PARANDAY', '12', '04', '08', 115, 1, '2023-06-21 19:56:28', NULL),
(1153, '120409', 'SALPO', '12', '04', '09', 115, 1, '2023-06-21 19:56:28', NULL),
(1154, '120410', 'SINSICAP', '12', '04', '10', 115, 1, '2023-06-21 19:56:28', NULL),
(1155, '120411', 'USQUIL', '12', '04', '11', 115, 1, '2023-06-21 19:56:28', NULL),
(1156, '120413', 'MACHE', '12', '04', '13', 115, 1, '2023-06-21 19:56:28', NULL),
(1157, '120501', 'SAN PEDRO DE LLOC', '12', '05', '01', 116, 1, '2023-06-21 19:56:28', NULL),
(1158, '120503', 'GUADALUPE', '12', '05', '03', 116, 1, '2023-06-21 19:56:28', NULL),
(1159, '120504', 'JEQUETEPEQUE', '12', '05', '04', 116, 1, '2023-06-21 19:56:28', NULL),
(1160, '120506', 'PACASMAYO', '12', '05', '06', 116, 1, '2023-06-21 19:56:28', NULL),
(1161, '120508', 'SAN JOSE', '12', '05', '08', 116, 1, '2023-06-21 19:56:28', NULL),
(1162, '120601', 'TAYABAMBA', '12', '06', '01', 117, 1, '2023-06-21 19:56:28', NULL),
(1163, '120602', 'BULDIBUYO', '12', '06', '02', 117, 1, '2023-06-21 19:56:28', NULL),
(1164, '120603', 'CHILLIA', '12', '06', '03', 117, 1, '2023-06-21 19:56:28', NULL),
(1165, '120604', 'HUAYLILLAS', '12', '06', '04', 117, 1, '2023-06-21 19:56:28', NULL),
(1166, '120605', 'HUANCASPATA', '12', '06', '05', 117, 1, '2023-06-21 19:56:28', NULL),
(1167, '120606', 'HUAYO', '12', '06', '06', 117, 1, '2023-06-21 19:56:28', NULL),
(1168, '120607', 'ONGON', '12', '06', '07', 117, 1, '2023-06-21 19:56:28', NULL),
(1169, '120608', 'PARCOY', '12', '06', '08', 117, 1, '2023-06-21 19:56:28', NULL),
(1170, '120609', 'PATAZ', '12', '06', '09', 117, 1, '2023-06-21 19:56:28', NULL),
(1171, '120610', 'PIAS', '12', '06', '10', 117, 1, '2023-06-21 19:56:28', NULL),
(1172, '120611', 'TAURIJA', '12', '06', '11', 117, 1, '2023-06-21 19:56:28', NULL),
(1173, '120612', 'URPAY', '12', '06', '12', 117, 1, '2023-06-21 19:56:28', NULL),
(1174, '120613', 'SANTIAGO DE CHALLAS', '12', '06', '13', 117, 1, '2023-06-21 19:56:28', NULL),
(1175, '120701', 'SANTIAGO DE CHUCO', '12', '07', '01', 118, 1, '2023-06-21 19:56:28', NULL),
(1176, '120702', 'CACHICADAN', '12', '07', '02', 118, 1, '2023-06-21 19:56:28', NULL),
(1177, '120703', 'MOLLEBAMBA', '12', '07', '03', 118, 1, '2023-06-21 19:56:28', NULL),
(1178, '120704', 'MOLLEPATA', '12', '07', '04', 118, 1, '2023-06-21 19:56:28', NULL),
(1179, '120705', 'QUIRUVILCA', '12', '07', '05', 118, 1, '2023-06-21 19:56:28', NULL),
(1180, '120706', 'SANTA CRUZ DE CHUCA', '12', '07', '06', 118, 1, '2023-06-21 19:56:28', NULL),
(1181, '120707', 'SITABAMBA', '12', '07', '07', 118, 1, '2023-06-21 19:56:28', NULL),
(1182, '120708', 'ANGASMARCA', '12', '07', '08', 118, 1, '2023-06-21 19:56:28', NULL),
(1183, '120801', 'ASCOPE', '12', '08', '01', 119, 1, '2023-06-21 19:56:28', NULL),
(1184, '120802', 'CHICAMA', '12', '08', '02', 119, 1, '2023-06-21 19:56:28', NULL),
(1185, '120803', 'CHOCOPE', '12', '08', '03', 119, 1, '2023-06-21 19:56:28', NULL),
(1186, '120804', 'SANTIAGO DE CAO', '12', '08', '04', 119, 1, '2023-06-21 19:56:28', NULL),
(1187, '120805', 'MAGDALENA DE CAO', '12', '08', '05', 119, 1, '2023-06-21 19:56:28', NULL),
(1188, '120806', 'PAIJAN', '12', '08', '06', 119, 1, '2023-06-21 19:56:28', NULL),
(1189, '120807', 'RAZURI', '12', '08', '07', 119, 1, '2023-06-21 19:56:28', NULL),
(1190, '120808', 'CASA GRANDE', '12', '08', '08', 119, 1, '2023-06-21 19:56:28', NULL),
(1191, '120901', 'CHEPEN', '12', '09', '01', 120, 1, '2023-06-21 19:56:28', NULL),
(1192, '120902', 'PACANGA', '12', '09', '02', 120, 1, '2023-06-21 19:56:28', NULL),
(1193, '120903', 'PUEBLO NUEVO', '12', '09', '03', 120, 1, '2023-06-21 19:56:28', NULL),
(1194, '121001', 'JULCAN', '12', '10', '01', 121, 1, '2023-06-21 19:56:28', NULL),
(1195, '121002', 'CARABAMBA', '12', '10', '02', 121, 1, '2023-06-21 19:56:28', NULL),
(1196, '121003', 'CALAMARCA', '12', '10', '03', 121, 1, '2023-06-21 19:56:28', NULL),
(1197, '121004', 'HUASO', '12', '10', '04', 121, 1, '2023-06-21 19:56:28', NULL),
(1198, '121101', 'CASCAS', '12', '11', '01', 122, 1, '2023-06-21 19:56:28', NULL),
(1199, '121102', 'LUCMA', '12', '11', '02', 122, 1, '2023-06-21 19:56:28', NULL),
(1200, '121103', 'MARMOT', '12', '11', '03', 122, 1, '2023-06-21 19:56:28', NULL),
(1201, '121104', 'SAYAPULLO', '12', '11', '04', 122, 1, '2023-06-21 19:56:28', NULL),
(1202, '121201', 'VIRU', '12', '12', '01', 123, 1, '2023-06-21 19:56:28', NULL),
(1203, '121202', 'CHAO', '12', '12', '02', 123, 1, '2023-06-21 19:56:28', NULL),
(1204, '121203', 'GUADALUPITO', '12', '12', '03', 123, 1, '2023-06-21 19:56:28', NULL),
(1205, '130101', 'CHICLAYO', '13', '01', '01', 124, 1, '2023-06-21 19:56:28', NULL),
(1206, '130102', 'CHONGOYAPE', '13', '01', '02', 124, 1, '2023-06-21 19:56:28', NULL),
(1207, '130103', 'ETEN', '13', '01', '03', 124, 1, '2023-06-21 19:56:28', NULL),
(1208, '130104', 'ETEN PUERTO', '13', '01', '04', 124, 1, '2023-06-21 19:56:28', NULL),
(1209, '130105', 'LAGUNAS', '13', '01', '05', 124, 1, '2023-06-21 19:56:28', NULL),
(1210, '130106', 'MONSEFU', '13', '01', '06', 124, 1, '2023-06-21 19:56:28', NULL);
INSERT INTO `distritos` (`id`, `codigo`, `descripcion`, `codigodeptamento`, `codigoprovincia`, `codigodistrito`, `provincia_id`, `activo`, `created_at`, `updated_at`) VALUES
(1211, '130107', 'NUEVA ARICA', '13', '01', '07', 124, 1, '2023-06-21 19:56:28', NULL),
(1212, '130108', 'OYOTUN', '13', '01', '08', 124, 1, '2023-06-21 19:56:28', NULL),
(1213, '130109', 'PICSI', '13', '01', '09', 124, 1, '2023-06-21 19:56:28', NULL),
(1214, '130110', 'PIMENTEL', '13', '01', '10', 124, 1, '2023-06-21 19:56:28', NULL),
(1215, '130111', 'REQUE', '13', '01', '11', 124, 1, '2023-06-21 19:56:28', NULL),
(1216, '130112', 'JOSE LEONARDO ORTIZ', '13', '01', '12', 124, 1, '2023-06-21 19:56:28', NULL),
(1217, '130113', 'SANTA ROSA', '13', '01', '13', 124, 1, '2023-06-21 19:56:28', NULL),
(1218, '130114', 'SANA', '13', '01', '14', 124, 1, '2023-06-21 19:56:28', NULL),
(1219, '130115', 'LA VICTORIA', '13', '01', '15', 124, 1, '2023-06-21 19:56:28', NULL),
(1220, '130116', 'CAYALTI', '13', '01', '16', 124, 1, '2023-06-21 19:56:28', NULL),
(1221, '130117', 'PATAPO', '13', '01', '17', 124, 1, '2023-06-21 19:56:28', NULL),
(1222, '130118', 'POMALCA', '13', '01', '18', 124, 1, '2023-06-21 19:56:28', NULL),
(1223, '130119', 'PUCALA', '13', '01', '19', 124, 1, '2023-06-21 19:56:28', NULL),
(1224, '130120', 'TUMAN', '13', '01', '20', 124, 1, '2023-06-21 19:56:28', NULL),
(1225, '130201', 'FERRENAFE', '13', '02', '01', 125, 1, '2023-06-21 19:56:28', NULL),
(1226, '130202', 'INCAHUASI', '13', '02', '02', 125, 1, '2023-06-21 19:56:28', NULL),
(1227, '130203', 'CANARIS', '13', '02', '03', 125, 1, '2023-06-21 19:56:28', NULL),
(1228, '130204', 'PITIPO', '13', '02', '04', 125, 1, '2023-06-21 19:56:28', NULL),
(1229, '130205', 'PUEBLO NUEVO', '13', '02', '05', 125, 1, '2023-06-21 19:56:28', NULL),
(1230, '130206', 'MANUEL ANTONIO MESONES MURO', '13', '02', '06', 125, 1, '2023-06-21 19:56:28', NULL),
(1231, '130301', 'LAMBAYEQUE', '13', '03', '01', 126, 1, '2023-06-21 19:56:28', NULL),
(1232, '130302', 'CHOCHOPE', '13', '03', '02', 126, 1, '2023-06-21 19:56:28', NULL),
(1233, '130303', 'ILLIMO', '13', '03', '03', 126, 1, '2023-06-21 19:56:28', NULL),
(1234, '130304', 'JAYANCA', '13', '03', '04', 126, 1, '2023-06-21 19:56:28', NULL),
(1235, '130305', 'MOCHUMI', '13', '03', '05', 126, 1, '2023-06-21 19:56:28', NULL),
(1236, '130306', 'MORROPE', '13', '03', '06', 126, 1, '2023-06-21 19:56:28', NULL),
(1237, '130307', 'MOTUPE', '13', '03', '07', 126, 1, '2023-06-21 19:56:28', NULL),
(1238, '130308', 'OLMOS', '13', '03', '08', 126, 1, '2023-06-21 19:56:28', NULL),
(1239, '130309', 'PACORA', '13', '03', '09', 126, 1, '2023-06-21 19:56:28', NULL),
(1240, '130310', 'SALAS', '13', '03', '10', 126, 1, '2023-06-21 19:56:28', NULL),
(1241, '130311', 'SAN JOSE', '13', '03', '11', 126, 1, '2023-06-21 19:56:28', NULL),
(1242, '130312', 'TUCUME', '13', '03', '12', 126, 1, '2023-06-21 19:56:28', NULL),
(1243, '140101', 'LIMA', '14', '01', '01', 127, 1, '2023-06-21 19:56:28', NULL),
(1244, '140102', 'ANCON', '14', '01', '02', 127, 1, '2023-06-21 19:56:28', NULL),
(1245, '140103', 'ATE', '14', '01', '03', 127, 1, '2023-06-21 19:56:28', NULL),
(1246, '140104', 'BRENA', '14', '01', '04', 127, 1, '2023-06-21 19:56:28', NULL),
(1247, '140105', 'CARABAYLLO', '14', '01', '05', 127, 1, '2023-06-21 19:56:28', NULL),
(1248, '140106', 'COMAS', '14', '01', '06', 127, 1, '2023-06-21 19:56:28', NULL),
(1249, '140107', 'CHACLACAYO', '14', '01', '07', 127, 1, '2023-06-21 19:56:28', NULL),
(1250, '140108', 'CHORRILLOS', '14', '01', '08', 127, 1, '2023-06-21 19:56:28', NULL),
(1251, '140109', 'LA VICTORIA', '14', '01', '09', 127, 1, '2023-06-21 19:56:28', NULL),
(1252, '140110', 'LA MOLINA', '14', '01', '10', 127, 1, '2023-06-21 19:56:28', NULL),
(1253, '140111', 'LINCE', '14', '01', '11', 127, 1, '2023-06-21 19:56:28', NULL),
(1254, '140112', 'LURIGANCHO', '14', '01', '12', 127, 1, '2023-06-21 19:56:28', NULL),
(1255, '140113', 'LURIN', '14', '01', '13', 127, 1, '2023-06-21 19:56:28', NULL),
(1256, '140114', 'MAGDALENA DEL MAR', '14', '01', '14', 127, 1, '2023-06-21 19:56:28', NULL),
(1257, '140115', 'MIRAFLORES', '14', '01', '15', 127, 1, '2023-06-21 19:56:28', NULL),
(1258, '140116', 'PACHACAMAC', '14', '01', '16', 127, 1, '2023-06-21 19:56:28', NULL),
(1259, '140117', 'PUEBLO LIBRE', '14', '01', '17', 127, 1, '2023-06-21 19:56:28', NULL),
(1260, '140118', 'PUCUSANA', '14', '01', '18', 127, 1, '2023-06-21 19:56:28', NULL),
(1261, '140119', 'PUENTE PIEDRA', '14', '01', '19', 127, 1, '2023-06-21 19:56:28', NULL),
(1262, '140120', 'PUNTA HERMOSA', '14', '01', '20', 127, 1, '2023-06-21 19:56:28', NULL),
(1263, '140121', 'PUNTA NEGRA', '14', '01', '21', 127, 1, '2023-06-21 19:56:28', NULL),
(1264, '140122', 'RIMAC', '14', '01', '22', 127, 1, '2023-06-21 19:56:28', NULL),
(1265, '140123', 'SAN BARTOLO', '14', '01', '23', 127, 1, '2023-06-21 19:56:28', NULL),
(1266, '140124', 'SAN ISIDRO', '14', '01', '24', 127, 1, '2023-06-21 19:56:28', NULL),
(1267, '140125', 'BARRANCO', '14', '01', '25', 127, 1, '2023-06-21 19:56:28', NULL),
(1268, '140126', 'SAN MARTIN DE PORRES', '14', '01', '26', 127, 1, '2023-06-21 19:56:28', NULL),
(1269, '140127', 'SAN MIGUEL', '14', '01', '27', 127, 1, '2023-06-21 19:56:28', NULL),
(1270, '140128', 'STA MARIA DEL MAR', '14', '01', '28', 127, 1, '2023-06-21 19:56:28', NULL),
(1271, '140129', 'SANTA ROSA', '14', '01', '29', 127, 1, '2023-06-21 19:56:28', NULL),
(1272, '140130', 'SANTIAGO DE SURCO', '14', '01', '30', 127, 1, '2023-06-21 19:56:28', NULL),
(1273, '140131', 'SURQUILLO', '14', '01', '31', 127, 1, '2023-06-21 19:56:28', NULL),
(1274, '140132', 'VILLA MARIA DEL TRIUNFO', '14', '01', '32', 127, 1, '2023-06-21 19:56:28', NULL),
(1275, '140133', 'JESUS MARIA', '14', '01', '33', 127, 1, '2023-06-21 19:56:28', NULL),
(1276, '140134', 'INDEPENDENCIA', '14', '01', '34', 127, 1, '2023-06-21 19:56:28', NULL),
(1277, '140135', 'EL AGUSTINO', '14', '01', '35', 127, 1, '2023-06-21 19:56:28', NULL),
(1278, '140136', 'SAN JUAN DE MIRAFLORES', '14', '01', '36', 127, 1, '2023-06-21 19:56:28', NULL),
(1279, '140137', 'SAN JUAN DE LURIGANCHO', '14', '01', '37', 127, 1, '2023-06-21 19:56:28', NULL),
(1280, '140138', 'SAN LUIS', '14', '01', '38', 127, 1, '2023-06-21 19:56:28', NULL),
(1281, '140139', 'CIENEGUILLA', '14', '01', '39', 127, 1, '2023-06-21 19:56:28', NULL),
(1282, '140140', 'SAN BORJA', '14', '01', '40', 127, 1, '2023-06-21 19:56:28', NULL),
(1283, '140141', 'VILLA EL SALVADOR', '14', '01', '41', 127, 1, '2023-06-21 19:56:28', NULL),
(1284, '140142', 'LOS OLIVOS', '14', '01', '42', 127, 1, '2023-06-21 19:56:28', NULL),
(1285, '140143', 'SANTA ANITA', '14', '01', '43', 127, 1, '2023-06-21 19:56:28', NULL),
(1286, '140201', 'CAJATAMBO', '14', '02', '01', 128, 1, '2023-06-21 19:56:28', NULL),
(1287, '140205', 'COPA', '14', '02', '05', 128, 1, '2023-06-21 19:56:28', NULL),
(1288, '140206', 'GORGOR', '14', '02', '06', 128, 1, '2023-06-21 19:56:28', NULL),
(1289, '140207', 'HUANCAPON', '14', '02', '07', 128, 1, '2023-06-21 19:56:28', NULL),
(1290, '140208', 'MANAS', '14', '02', '08', 128, 1, '2023-06-21 19:56:28', NULL),
(1291, '140301', 'CANTA', '14', '03', '01', 129, 1, '2023-06-21 19:56:28', NULL),
(1292, '140302', 'ARAHUAY', '14', '03', '02', 129, 1, '2023-06-21 19:56:28', NULL),
(1293, '140303', 'HUAMANTANGA', '14', '03', '03', 129, 1, '2023-06-21 19:56:28', NULL),
(1294, '140304', 'HUAROS', '14', '03', '04', 129, 1, '2023-06-21 19:56:28', NULL),
(1295, '140305', 'LACHAQUI', '14', '03', '05', 129, 1, '2023-06-21 19:56:28', NULL),
(1296, '140306', 'SAN BUENAVENTURA', '14', '03', '06', 129, 1, '2023-06-21 19:56:28', NULL),
(1297, '140307', 'SANTA ROSA DE QUIVES', '14', '03', '07', 129, 1, '2023-06-21 19:56:28', NULL),
(1298, '140401', 'SAN VICENTE DE CANETE', '14', '04', '01', 130, 1, '2023-06-21 19:56:28', NULL),
(1299, '140402', 'CALANGO', '14', '04', '02', 130, 1, '2023-06-21 19:56:28', NULL),
(1300, '140403', 'CERRO AZUL', '14', '04', '03', 130, 1, '2023-06-21 19:56:28', NULL),
(1301, '140404', 'COAYLLO', '14', '04', '04', 130, 1, '2023-06-21 19:56:28', NULL),
(1302, '140405', 'CHILCA', '14', '04', '05', 130, 1, '2023-06-21 19:56:28', NULL),
(1303, '140406', 'IMPERIAL', '14', '04', '06', 130, 1, '2023-06-21 19:56:28', NULL),
(1304, '140407', 'LUNAHUANA', '14', '04', '07', 130, 1, '2023-06-21 19:56:28', NULL),
(1305, '140408', 'MALA', '14', '04', '08', 130, 1, '2023-06-21 19:56:28', NULL),
(1306, '140409', 'NUEVO IMPERIAL', '14', '04', '09', 130, 1, '2023-06-21 19:56:28', NULL),
(1307, '140410', 'PACARAN', '14', '04', '10', 130, 1, '2023-06-21 19:56:28', NULL),
(1308, '140411', 'QUILMANA', '14', '04', '11', 130, 1, '2023-06-21 19:56:28', NULL),
(1309, '140412', 'SAN ANTONIO', '14', '04', '12', 130, 1, '2023-06-21 19:56:28', NULL),
(1310, '140413', 'SAN LUIS', '14', '04', '13', 130, 1, '2023-06-21 19:56:28', NULL),
(1311, '140414', 'SANTA CRUZ DE FLORES', '14', '04', '14', 130, 1, '2023-06-21 19:56:28', NULL),
(1312, '140415', 'ZUNIGA', '14', '04', '15', 130, 1, '2023-06-21 19:56:28', NULL),
(1313, '140416', 'ASIA', '14', '04', '16', 130, 1, '2023-06-21 19:56:28', NULL),
(1314, '140501', 'HUACHO', '14', '05', '01', 131, 1, '2023-06-21 19:56:28', NULL),
(1315, '140502', 'AMBAR', '14', '05', '02', 131, 1, '2023-06-21 19:56:28', NULL),
(1316, '140504', 'CALETA DE CARQUIN', '14', '05', '04', 131, 1, '2023-06-21 19:56:28', NULL),
(1317, '140505', 'CHECRAS', '14', '05', '05', 131, 1, '2023-06-21 19:56:28', NULL),
(1318, '140506', 'HUALMAY', '14', '05', '06', 131, 1, '2023-06-21 19:56:28', NULL),
(1319, '140507', 'HUAURA', '14', '05', '07', 131, 1, '2023-06-21 19:56:28', NULL),
(1320, '140508', 'LEONCIO PRADO', '14', '05', '08', 131, 1, '2023-06-21 19:56:28', NULL),
(1321, '140509', 'PACCHO', '14', '05', '09', 131, 1, '2023-06-21 19:56:28', NULL),
(1322, '140511', 'SANTA LEONOR', '14', '05', '11', 131, 1, '2023-06-21 19:56:28', NULL),
(1323, '140512', 'SANTA MARIA', '14', '05', '12', 131, 1, '2023-06-21 19:56:28', NULL),
(1324, '140513', 'SAYAN', '14', '05', '13', 131, 1, '2023-06-21 19:56:28', NULL),
(1325, '140516', 'VEGUETA', '14', '05', '16', 131, 1, '2023-06-21 19:56:28', NULL),
(1326, '140601', 'MATUCANA', '14', '06', '01', 132, 1, '2023-06-21 19:56:28', NULL),
(1327, '140602', 'ANTIOQUIA', '14', '06', '02', 132, 1, '2023-06-21 19:56:28', NULL),
(1328, '140603', 'CALLAHUANCA', '14', '06', '03', 132, 1, '2023-06-21 19:56:28', NULL),
(1329, '140604', 'CARAMPOMA', '14', '06', '04', 132, 1, '2023-06-21 19:56:28', NULL),
(1330, '140605', 'CASTA', '14', '06', '05', 132, 1, '2023-06-21 19:56:28', NULL),
(1331, '140606', 'CUENCA', '14', '06', '06', 132, 1, '2023-06-21 19:56:28', NULL),
(1332, '140607', 'CHICLA', '14', '06', '07', 132, 1, '2023-06-21 19:56:28', NULL),
(1333, '140608', 'HUANZA', '14', '06', '08', 132, 1, '2023-06-21 19:56:28', NULL),
(1334, '140609', 'HUAROCHIRI', '14', '06', '09', 132, 1, '2023-06-21 19:56:28', NULL),
(1335, '140610', 'LAHUAYTAMBO', '14', '06', '10', 132, 1, '2023-06-21 19:56:28', NULL),
(1336, '140611', 'LANGA', '14', '06', '11', 132, 1, '2023-06-21 19:56:28', NULL),
(1337, '140612', 'MARIATANA', '14', '06', '12', 132, 1, '2023-06-21 19:56:28', NULL),
(1338, '140613', 'RICARDO PALMA', '14', '06', '13', 132, 1, '2023-06-21 19:56:28', NULL),
(1339, '140614', 'SAN ANDRES DE TUPICOCHA', '14', '06', '14', 132, 1, '2023-06-21 19:56:28', NULL),
(1340, '140615', 'SAN ANTONIO', '14', '06', '15', 132, 1, '2023-06-21 19:56:28', NULL),
(1341, '140616', 'SAN BARTOLOME', '14', '06', '16', 132, 1, '2023-06-21 19:56:28', NULL),
(1342, '140617', 'SAN DAMIAN', '14', '06', '17', 132, 1, '2023-06-21 19:56:28', NULL),
(1343, '140618', 'SANGALLAYA', '14', '06', '18', 132, 1, '2023-06-21 19:56:28', NULL),
(1344, '140619', 'SAN JUAN DE TANTARANCHE', '14', '06', '19', 132, 1, '2023-06-21 19:56:28', NULL),
(1345, '140620', 'SAN LORENZO DE QUINTI', '14', '06', '20', 132, 1, '2023-06-21 19:56:28', NULL),
(1346, '140621', 'SAN MATEO', '14', '06', '21', 132, 1, '2023-06-21 19:56:28', NULL),
(1347, '140622', 'SAN MATEO DE OTAO', '14', '06', '22', 132, 1, '2023-06-21 19:56:28', NULL),
(1348, '140623', 'SAN PEDRO DE HUANCAYRE', '14', '06', '23', 132, 1, '2023-06-21 19:56:28', NULL),
(1349, '140624', 'SANTA CRUZ DE COCACHACRA', '14', '06', '24', 132, 1, '2023-06-21 19:56:28', NULL),
(1350, '140625', 'SANTA EULALIA', '14', '06', '25', 132, 1, '2023-06-21 19:56:28', NULL),
(1351, '140626', 'SANTIAGO DE ANCHUCAYA', '14', '06', '26', 132, 1, '2023-06-21 19:56:28', NULL),
(1352, '140627', 'SANTIAGO DE TUNA', '14', '06', '27', 132, 1, '2023-06-21 19:56:28', NULL),
(1353, '140628', 'SANTO DOMINGO DE LOS OLLEROS', '14', '06', '28', 132, 1, '2023-06-21 19:56:28', NULL),
(1354, '140629', 'SURCO', '14', '06', '29', 132, 1, '2023-06-21 19:56:28', NULL),
(1355, '140630', 'HUACHUPAMPA', '14', '06', '30', 132, 1, '2023-06-21 19:56:28', NULL),
(1356, '140631', 'LARAOS', '14', '06', '31', 132, 1, '2023-06-21 19:56:28', NULL),
(1357, '140632', 'SAN JUAN DE IRIS', '14', '06', '32', 132, 1, '2023-06-21 19:56:28', NULL),
(1358, '140701', 'YAUYOS', '14', '07', '01', 133, 1, '2023-06-21 19:56:28', NULL),
(1359, '140702', 'ALIS', '14', '07', '02', 133, 1, '2023-06-21 19:56:28', NULL),
(1360, '140703', 'AYAUCA', '14', '07', '03', 133, 1, '2023-06-21 19:56:28', NULL),
(1361, '140704', 'AYAVIRI', '14', '07', '04', 133, 1, '2023-06-21 19:56:28', NULL),
(1362, '140705', 'AZANGARO', '14', '07', '05', 133, 1, '2023-06-21 19:56:28', NULL),
(1363, '140706', 'CACRA', '14', '07', '06', 133, 1, '2023-06-21 19:56:28', NULL),
(1364, '140707', 'CARANIA', '14', '07', '07', 133, 1, '2023-06-21 19:56:28', NULL),
(1365, '140708', 'COCHAS', '14', '07', '08', 133, 1, '2023-06-21 19:56:28', NULL),
(1366, '140709', 'COLONIA', '14', '07', '09', 133, 1, '2023-06-21 19:56:28', NULL),
(1367, '140710', 'CHOCOS', '14', '07', '10', 133, 1, '2023-06-21 19:56:28', NULL),
(1368, '140711', 'HUAMPARA', '14', '07', '11', 133, 1, '2023-06-21 19:56:28', NULL),
(1369, '140712', 'HUANCAYA', '14', '07', '12', 133, 1, '2023-06-21 19:56:28', NULL),
(1370, '140713', 'HUANGASCAR', '14', '07', '13', 133, 1, '2023-06-21 19:56:28', NULL),
(1371, '140714', 'HUANTAN', '14', '07', '14', 133, 1, '2023-06-21 19:56:28', NULL),
(1372, '140715', 'HUANEC', '14', '07', '15', 133, 1, '2023-06-21 19:56:28', NULL),
(1373, '140716', 'LARAOS', '14', '07', '16', 133, 1, '2023-06-21 19:56:28', NULL),
(1374, '140717', 'LINCHA', '14', '07', '17', 133, 1, '2023-06-21 19:56:28', NULL),
(1375, '140718', 'MIRAFLORES', '14', '07', '18', 133, 1, '2023-06-21 19:56:28', NULL),
(1376, '140719', 'OMAS', '14', '07', '19', 133, 1, '2023-06-21 19:56:28', NULL),
(1377, '140720', 'QUINCHES', '14', '07', '20', 133, 1, '2023-06-21 19:56:28', NULL),
(1378, '140721', 'QUINOCAY', '14', '07', '21', 133, 1, '2023-06-21 19:56:28', NULL),
(1379, '140722', 'SAN JOAQUIN', '14', '07', '22', 133, 1, '2023-06-21 19:56:28', NULL),
(1380, '140723', 'SAN PEDRO DE PILAS', '14', '07', '23', 133, 1, '2023-06-21 19:56:28', NULL),
(1381, '140724', 'TANTA', '14', '07', '24', 133, 1, '2023-06-21 19:56:28', NULL),
(1382, '140725', 'TAURIPAMPA', '14', '07', '25', 133, 1, '2023-06-21 19:56:28', NULL),
(1383, '140726', 'TUPE', '14', '07', '26', 133, 1, '2023-06-21 19:56:28', NULL),
(1384, '140727', 'TOMAS', '14', '07', '27', 133, 1, '2023-06-21 19:56:28', NULL),
(1385, '140728', 'VINAC', '14', '07', '28', 133, 1, '2023-06-21 19:56:28', NULL),
(1386, '140729', 'VITIS', '14', '07', '29', 133, 1, '2023-06-21 19:56:28', NULL),
(1387, '140730', 'HONGOS', '14', '07', '30', 133, 1, '2023-06-21 19:56:28', NULL),
(1388, '140731', 'MADEAN', '14', '07', '31', 133, 1, '2023-06-21 19:56:28', NULL),
(1389, '140732', 'PUTINZA', '14', '07', '32', 133, 1, '2023-06-21 19:56:28', NULL),
(1390, '140733', 'CATAHUASI', '14', '07', '33', 133, 1, '2023-06-21 19:56:28', NULL),
(1391, '140801', 'HUARAL', '14', '08', '01', 134, 1, '2023-06-21 19:56:28', NULL),
(1392, '140802', 'ATAVILLOS ALTO', '14', '08', '02', 134, 1, '2023-06-21 19:56:28', NULL),
(1393, '140803', 'ATAVILLOS BAJO', '14', '08', '03', 134, 1, '2023-06-21 19:56:28', NULL),
(1394, '140804', 'AUCALLAMA', '14', '08', '04', 134, 1, '2023-06-21 19:56:28', NULL),
(1395, '140805', 'CHANCAY', '14', '08', '05', 134, 1, '2023-06-21 19:56:28', NULL),
(1396, '140806', 'IHUARI', '14', '08', '06', 134, 1, '2023-06-21 19:56:28', NULL),
(1397, '140807', 'LAMPIAN', '14', '08', '07', 134, 1, '2023-06-21 19:56:28', NULL),
(1398, '140808', 'PACARAOS', '14', '08', '08', 134, 1, '2023-06-21 19:56:28', NULL),
(1399, '140809', 'SAN MIGUEL DE ACOS', '14', '08', '09', 134, 1, '2023-06-21 19:56:28', NULL),
(1400, '140810', 'VEINTISIETE DE NOVIEMBRE', '14', '08', '10', 134, 1, '2023-06-21 19:56:28', NULL),
(1401, '140811', 'STA CRUZ DE ANDAMARCA', '14', '08', '11', 134, 1, '2023-06-21 19:56:28', NULL),
(1402, '140812', 'SUMBILCA', '14', '08', '12', 134, 1, '2023-06-21 19:56:28', NULL),
(1403, '140901', 'BARRANCA', '14', '09', '01', 135, 1, '2023-06-21 19:56:28', NULL),
(1404, '140902', 'PARAMONGA', '14', '09', '02', 135, 1, '2023-06-21 19:56:28', NULL),
(1405, '140903', 'PATIVILCA', '14', '09', '03', 135, 1, '2023-06-21 19:56:28', NULL),
(1406, '140904', 'SUPE', '14', '09', '04', 135, 1, '2023-06-21 19:56:28', NULL),
(1407, '140905', 'SUPE PUERTO', '14', '09', '05', 135, 1, '2023-06-21 19:56:28', NULL),
(1408, '141001', 'OYON', '14', '10', '01', 136, 1, '2023-06-21 19:56:28', NULL),
(1409, '141002', 'NAVAN', '14', '10', '02', 136, 1, '2023-06-21 19:56:28', NULL),
(1410, '141003', 'CAUJUL', '14', '10', '03', 136, 1, '2023-06-21 19:56:28', NULL),
(1411, '141004', 'ANDAJES', '14', '10', '04', 136, 1, '2023-06-21 19:56:28', NULL),
(1412, '141005', 'PACHANGARA', '14', '10', '05', 136, 1, '2023-06-21 19:56:28', NULL),
(1413, '141006', 'COCHAMARCA', '14', '10', '06', 136, 1, '2023-06-21 19:56:28', NULL),
(1414, '150101', 'IQUITOS', '15', '01', '01', 137, 1, '2023-06-21 19:56:28', NULL),
(1415, '150102', 'ALTO NANAY', '15', '01', '02', 137, 1, '2023-06-21 19:56:28', NULL),
(1416, '150103', 'FERNANDO LORES', '15', '01', '03', 137, 1, '2023-06-21 19:56:28', NULL),
(1417, '150104', 'LAS AMAZONAS', '15', '01', '04', 137, 1, '2023-06-21 19:56:28', NULL),
(1418, '150105', 'MAZAN', '15', '01', '05', 137, 1, '2023-06-21 19:56:28', NULL),
(1419, '150106', 'NAPO', '15', '01', '06', 137, 1, '2023-06-21 19:56:28', NULL),
(1420, '150107', 'PUTUMAYO', '15', '01', '07', 137, 1, '2023-06-21 19:56:28', NULL),
(1421, '150108', 'TORRES CAUSANA', '15', '01', '08', 137, 1, '2023-06-21 19:56:28', NULL),
(1422, '150110', 'INDIANA', '15', '01', '10', 137, 1, '2023-06-21 19:56:28', NULL),
(1423, '150111', 'PUNCHANA', '15', '01', '11', 137, 1, '2023-06-21 19:56:28', NULL),
(1424, '150112', 'BELEN', '15', '01', '12', 137, 1, '2023-06-21 19:56:28', NULL),
(1425, '150113', 'SAN JUAN BAUTISTA', '15', '01', '13', 137, 1, '2023-06-21 19:56:28', NULL),
(1426, '150114', 'TNTE MANUEL CLAVERO', '15', '01', '14', 137, 1, '2023-06-21 19:56:28', NULL),
(1427, '150201', 'YURIMAGUAS', '15', '02', '01', 138, 1, '2023-06-21 19:56:28', NULL),
(1428, '150202', 'BALSAPUERTO', '15', '02', '02', 138, 1, '2023-06-21 19:56:28', NULL),
(1429, '150205', 'JEBEROS', '15', '02', '05', 138, 1, '2023-06-21 19:56:28', NULL),
(1430, '150206', 'LAGUNAS', '15', '02', '06', 138, 1, '2023-06-21 19:56:28', NULL),
(1431, '150210', 'SANTA CRUZ', '15', '02', '10', 138, 1, '2023-06-21 19:56:28', NULL),
(1432, '150211', 'TNTE CESAR LOPEZ ROJAS', '15', '02', '11', 138, 1, '2023-06-21 19:56:28', NULL),
(1433, '150301', 'NAUTA', '15', '03', '01', 139, 1, '2023-06-21 19:56:28', NULL),
(1434, '150302', 'PARINARI', '15', '03', '02', 139, 1, '2023-06-21 19:56:28', NULL),
(1435, '150303', 'TIGRE', '15', '03', '03', 139, 1, '2023-06-21 19:56:28', NULL),
(1436, '150304', 'URARINAS', '15', '03', '04', 139, 1, '2023-06-21 19:56:28', NULL),
(1437, '150305', 'TROMPETEROS', '15', '03', '05', 139, 1, '2023-06-21 19:56:28', NULL),
(1438, '150401', 'REQUENA', '15', '04', '01', 140, 1, '2023-06-21 19:56:28', NULL),
(1439, '150402', 'ALTO TAPICHE', '15', '04', '02', 140, 1, '2023-06-21 19:56:28', NULL),
(1440, '150403', 'CAPELO', '15', '04', '03', 140, 1, '2023-06-21 19:56:28', NULL),
(1441, '150404', 'EMILIO SAN MARTIN', '15', '04', '04', 140, 1, '2023-06-21 19:56:28', NULL),
(1442, '150405', 'MAQUIA', '15', '04', '05', 140, 1, '2023-06-21 19:56:28', NULL),
(1443, '150406', 'PUINAHUA', '15', '04', '06', 140, 1, '2023-06-21 19:56:28', NULL),
(1444, '150407', 'SAQUENA', '15', '04', '07', 140, 1, '2023-06-21 19:56:28', NULL),
(1445, '150408', 'SOPLIN', '15', '04', '08', 140, 1, '2023-06-21 19:56:28', NULL),
(1446, '150409', 'TAPICHE', '15', '04', '09', 140, 1, '2023-06-21 19:56:28', NULL),
(1447, '150410', 'JENARO HERRERA', '15', '04', '10', 140, 1, '2023-06-21 19:56:28', NULL),
(1448, '150411', 'YAQUERANA', '15', '04', '11', 140, 1, '2023-06-21 19:56:28', NULL),
(1449, '150501', 'CONTAMANA', '15', '05', '01', 141, 1, '2023-06-21 19:56:28', NULL),
(1450, '150502', 'VARGAS GUERRA', '15', '05', '02', 141, 1, '2023-06-21 19:56:28', NULL),
(1451, '150503', 'PADRE MARQUEZ', '15', '05', '03', 141, 1, '2023-06-21 19:56:28', NULL),
(1452, '150504', 'PAMPA HERMOZA', '15', '05', '04', 141, 1, '2023-06-21 19:56:28', NULL),
(1453, '150505', 'SARAYACU', '15', '05', '05', 141, 1, '2023-06-21 19:56:28', NULL),
(1454, '150506', 'INAHUAYA', '15', '05', '06', 141, 1, '2023-06-21 19:56:28', NULL),
(1455, '150601', 'MARISCAL RAMON CASTILLA', '15', '06', '01', 142, 1, '2023-06-21 19:56:28', NULL),
(1456, '150602', 'PEBAS', '15', '06', '02', 142, 1, '2023-06-21 19:56:28', NULL),
(1457, '150603', 'YAVARI', '15', '06', '03', 142, 1, '2023-06-21 19:56:28', NULL),
(1458, '150604', 'SAN PABLO', '15', '06', '04', 142, 1, '2023-06-21 19:56:28', NULL),
(1459, '150701', 'BARRANCA', '15', '07', '01', 143, 1, '2023-06-21 19:56:28', NULL),
(1460, '150702', 'ANDOAS', '15', '07', '02', 143, 1, '2023-06-21 19:56:28', NULL),
(1461, '150703', 'CAHUAPANAS', '15', '07', '03', 143, 1, '2023-06-21 19:56:28', NULL),
(1462, '150704', 'MANSERICHE', '15', '07', '04', 143, 1, '2023-06-21 19:56:28', NULL),
(1463, '150705', 'MORONA', '15', '07', '05', 143, 1, '2023-06-21 19:56:28', NULL),
(1464, '150706', 'PASTAZA', '15', '07', '06', 143, 1, '2023-06-21 19:56:28', NULL),
(1465, '160101', 'TAMBOPATA', '16', '01', '01', 144, 1, '2023-06-21 19:56:28', NULL),
(1466, '160102', 'INAMBARI', '16', '01', '02', 144, 1, '2023-06-21 19:56:28', NULL),
(1467, '160103', 'LAS PIEDRAS', '16', '01', '03', 144, 1, '2023-06-21 19:56:28', NULL),
(1468, '160104', 'LABERINTO', '16', '01', '04', 144, 1, '2023-06-21 19:56:28', NULL),
(1469, '160201', 'MANU', '16', '02', '01', 145, 1, '2023-06-21 19:56:28', NULL),
(1470, '160202', 'FITZCARRALD', '16', '02', '02', 145, 1, '2023-06-21 19:56:28', NULL),
(1471, '160203', 'MADRE DE DIOS', '16', '02', '03', 145, 1, '2023-06-21 19:56:28', NULL),
(1472, '160204', 'HUEPETUHE', '16', '02', '04', 145, 1, '2023-06-21 19:56:28', NULL),
(1473, '160301', 'INAPARI', '16', '03', '01', 146, 1, '2023-06-21 19:56:28', NULL),
(1474, '160302', 'IBERIA', '16', '03', '02', 146, 1, '2023-06-21 19:56:28', NULL),
(1475, '160303', 'TAHUAMANU', '16', '03', '03', 146, 1, '2023-06-21 19:56:28', NULL),
(1476, '170101', 'MOQUEGUA', '17', '01', '01', 147, 1, '2023-06-21 19:56:28', NULL),
(1477, '170102', 'CARUMAS', '17', '01', '02', 147, 1, '2023-06-21 19:56:28', NULL),
(1478, '170103', 'CUCHUMBAYA', '17', '01', '03', 147, 1, '2023-06-21 19:56:28', NULL),
(1479, '170104', 'SAN CRISTOBAL', '17', '01', '04', 147, 1, '2023-06-21 19:56:28', NULL),
(1480, '170105', 'TORATA', '17', '01', '05', 147, 1, '2023-06-21 19:56:28', NULL),
(1481, '170106', 'SAMEGUA', '17', '01', '06', 147, 1, '2023-06-21 19:56:28', NULL),
(1482, '170201', 'OMATE', '17', '02', '01', 148, 1, '2023-06-21 19:56:28', NULL),
(1483, '170202', 'COALAQUE', '17', '02', '02', 148, 1, '2023-06-21 19:56:28', NULL),
(1484, '170203', 'CHOJATA', '17', '02', '03', 148, 1, '2023-06-21 19:56:28', NULL),
(1485, '170204', 'ICHUNA', '17', '02', '04', 148, 1, '2023-06-21 19:56:28', NULL),
(1486, '170205', 'LA CAPILLA', '17', '02', '05', 148, 1, '2023-06-21 19:56:28', NULL),
(1487, '170206', 'LLOQUE', '17', '02', '06', 148, 1, '2023-06-21 19:56:28', NULL),
(1488, '170207', 'MATALAQUE', '17', '02', '07', 148, 1, '2023-06-21 19:56:28', NULL),
(1489, '170208', 'PUQUINA', '17', '02', '08', 148, 1, '2023-06-21 19:56:28', NULL),
(1490, '170209', 'QUINISTAQUILLAS', '17', '02', '09', 148, 1, '2023-06-21 19:56:28', NULL),
(1491, '170210', 'UBINAS', '17', '02', '10', 148, 1, '2023-06-21 19:56:28', NULL),
(1492, '170211', 'YUNGA', '17', '02', '11', 148, 1, '2023-06-21 19:56:28', NULL),
(1493, '170301', 'ILO', '17', '03', '01', 149, 1, '2023-06-21 19:56:28', NULL),
(1494, '170302', 'EL ALGARROBAL', '17', '03', '02', 149, 1, '2023-06-21 19:56:28', NULL),
(1495, '170303', 'PACOCHA', '17', '03', '03', 149, 1, '2023-06-21 19:56:28', NULL),
(1496, '180101', 'CHAUPIMARCA', '18', '01', '01', 150, 1, '2023-06-21 19:56:28', NULL),
(1497, '180103', 'HUACHON', '18', '01', '03', 150, 1, '2023-06-21 19:56:28', NULL),
(1498, '180104', 'HUARIACA', '18', '01', '04', 150, 1, '2023-06-21 19:56:28', NULL),
(1499, '180105', 'HUAYLLAY', '18', '01', '05', 150, 1, '2023-06-21 19:56:28', NULL),
(1500, '180106', 'NINACACA', '18', '01', '06', 150, 1, '2023-06-21 19:56:28', NULL),
(1501, '180107', 'PALLANCHACRA', '18', '01', '07', 150, 1, '2023-06-21 19:56:28', NULL),
(1502, '180108', 'PAUCARTAMBO', '18', '01', '08', 150, 1, '2023-06-21 19:56:28', NULL),
(1503, '180109', 'SAN FCO DE ASIS DE YARUSYACAN', '18', '01', '09', 150, 1, '2023-06-21 19:56:28', NULL),
(1504, '180110', 'SIMON BOLIVAR', '18', '01', '10', 150, 1, '2023-06-21 19:56:28', NULL),
(1505, '180111', 'TICLACAYAN', '18', '01', '11', 150, 1, '2023-06-21 19:56:28', NULL),
(1506, '180112', 'TINYAHUARCO', '18', '01', '12', 150, 1, '2023-06-21 19:56:28', NULL),
(1507, '180113', 'VICCO', '18', '01', '13', 150, 1, '2023-06-21 19:56:28', NULL),
(1508, '180114', 'YANACANCHA', '18', '01', '14', 150, 1, '2023-06-21 19:56:28', NULL),
(1509, '180201', 'YANAHUANCA', '18', '02', '01', 151, 1, '2023-06-21 19:56:28', NULL),
(1510, '180202', 'CHACAYAN', '18', '02', '02', 151, 1, '2023-06-21 19:56:28', NULL),
(1511, '180203', 'GOYLLARISQUIZGA', '18', '02', '03', 151, 1, '2023-06-21 19:56:28', NULL),
(1512, '180204', 'PAUCAR', '18', '02', '04', 151, 1, '2023-06-21 19:56:28', NULL),
(1513, '180205', 'SAN PEDRO DE PILLAO', '18', '02', '05', 151, 1, '2023-06-21 19:56:28', NULL),
(1514, '180206', 'SANTA ANA DE TUSI', '18', '02', '06', 151, 1, '2023-06-21 19:56:28', NULL),
(1515, '180207', 'TAPUC', '18', '02', '07', 151, 1, '2023-06-21 19:56:28', NULL),
(1516, '180208', 'VILCABAMBA', '18', '02', '08', 151, 1, '2023-06-21 19:56:28', NULL),
(1517, '180301', 'OXAPAMPA', '18', '03', '01', 152, 1, '2023-06-21 19:56:28', NULL),
(1518, '180302', 'CHONTABAMBA', '18', '03', '02', 152, 1, '2023-06-21 19:56:28', NULL),
(1519, '180303', 'HUANCABAMBA', '18', '03', '03', 152, 1, '2023-06-21 19:56:28', NULL),
(1520, '180304', 'PUERTO BERMUDEZ', '18', '03', '04', 152, 1, '2023-06-21 19:56:28', NULL),
(1521, '180305', 'VILLA RICA', '18', '03', '05', 152, 1, '2023-06-21 19:56:28', NULL),
(1522, '180306', 'POZUZO', '18', '03', '06', 152, 1, '2023-06-21 19:56:28', NULL),
(1523, '180307', 'PALCAZU', '18', '03', '07', 152, 1, '2023-06-21 19:56:28', NULL),
(1524, '190101', 'PIURA', '19', '01', '01', 153, 1, '2023-06-21 19:56:28', NULL),
(1525, '190103', 'CASTILLA', '19', '01', '03', 153, 1, '2023-06-21 19:56:28', NULL),
(1526, '190104', 'CATACAOS', '19', '01', '04', 153, 1, '2023-06-21 19:56:28', NULL),
(1527, '190105', 'LA ARENA', '19', '01', '05', 153, 1, '2023-06-21 19:56:28', NULL),
(1528, '190106', 'LA UNION', '19', '01', '06', 153, 1, '2023-06-21 19:56:28', NULL),
(1529, '190107', 'LAS LOMAS', '19', '01', '07', 153, 1, '2023-06-21 19:56:28', NULL),
(1530, '190109', 'TAMBO GRANDE', '19', '01', '09', 153, 1, '2023-06-21 19:56:28', NULL),
(1531, '190113', 'CURA MORI', '19', '01', '13', 153, 1, '2023-06-21 19:56:28', NULL),
(1532, '190114', 'EL TALLAN', '19', '01', '14', 153, 1, '2023-06-21 19:56:28', NULL),
(1533, '190201', 'AYABACA', '19', '02', '01', 154, 1, '2023-06-21 19:56:28', NULL),
(1534, '190202', 'FRIAS', '19', '02', '02', 154, 1, '2023-06-21 19:56:28', NULL),
(1535, '190203', 'LAGUNAS', '19', '02', '03', 154, 1, '2023-06-21 19:56:28', NULL),
(1536, '190204', 'MONTERO', '19', '02', '04', 154, 1, '2023-06-21 19:56:28', NULL),
(1537, '190205', 'PACAIPAMPA', '19', '02', '05', 154, 1, '2023-06-21 19:56:28', NULL),
(1538, '190206', 'SAPILLICA', '19', '02', '06', 154, 1, '2023-06-21 19:56:28', NULL),
(1539, '190207', 'SICCHEZ', '19', '02', '07', 154, 1, '2023-06-21 19:56:28', NULL),
(1540, '190208', 'SUYO', '19', '02', '08', 154, 1, '2023-06-21 19:56:28', NULL),
(1541, '190209', 'JILILI', '19', '02', '09', 154, 1, '2023-06-21 19:56:28', NULL),
(1542, '190210', 'PAIMAS', '19', '02', '10', 154, 1, '2023-06-21 19:56:28', NULL),
(1543, '190301', 'HUANCABAMBA', '19', '03', '01', 155, 1, '2023-06-21 19:56:28', NULL),
(1544, '190302', 'CANCHAQUE', '19', '03', '02', 155, 1, '2023-06-21 19:56:28', NULL),
(1545, '190303', 'HUARMACA', '19', '03', '03', 155, 1, '2023-06-21 19:56:28', NULL),
(1546, '190304', 'SONDOR', '19', '03', '04', 155, 1, '2023-06-21 19:56:28', NULL),
(1547, '190305', 'SONDORILLO', '19', '03', '05', 155, 1, '2023-06-21 19:56:28', NULL),
(1548, '190306', 'EL CARMEN DE LA FRONTERA', '19', '03', '06', 155, 1, '2023-06-21 19:56:28', NULL),
(1549, '190307', 'SAN MIGUEL DE EL FAIQUE', '19', '03', '07', 155, 1, '2023-06-21 19:56:28', NULL),
(1550, '190308', 'LALAQUIZ', '19', '03', '08', 155, 1, '2023-06-21 19:56:28', NULL),
(1551, '190401', 'CHULUCANAS', '19', '04', '01', 156, 1, '2023-06-21 19:56:28', NULL),
(1552, '190402', 'BUENOS AIRES', '19', '04', '02', 156, 1, '2023-06-21 19:56:28', NULL),
(1553, '190403', 'CHALACO', '19', '04', '03', 156, 1, '2023-06-21 19:56:28', NULL),
(1554, '190404', 'MORROPON', '19', '04', '04', 156, 1, '2023-06-21 19:56:28', NULL),
(1555, '190405', 'SALITRAL', '19', '04', '05', 156, 1, '2023-06-21 19:56:28', NULL),
(1556, '190406', 'SANTA CATALINA DE MOSSA', '19', '04', '06', 156, 1, '2023-06-21 19:56:28', NULL),
(1557, '190407', 'SANTO DOMINGO', '19', '04', '07', 156, 1, '2023-06-21 19:56:28', NULL),
(1558, '190408', 'LA MATANZA', '19', '04', '08', 156, 1, '2023-06-21 19:56:28', NULL),
(1559, '190409', 'YAMANGO', '19', '04', '09', 156, 1, '2023-06-21 19:56:28', NULL),
(1560, '190410', 'SAN JUAN DE BIGOTE', '19', '04', '10', 156, 1, '2023-06-21 19:56:28', NULL),
(1561, '190501', 'PAITA', '19', '05', '01', 157, 1, '2023-06-21 19:56:28', NULL),
(1562, '190502', 'AMOTAPE', '19', '05', '02', 157, 1, '2023-06-21 19:56:28', NULL),
(1563, '190503', 'ARENAL', '19', '05', '03', 157, 1, '2023-06-21 19:56:28', NULL),
(1564, '190504', 'LA HUACA', '19', '05', '04', 157, 1, '2023-06-21 19:56:28', NULL),
(1565, '190505', 'PUEBLO NUEVO DE COLAN', '19', '05', '05', 157, 1, '2023-06-21 19:56:28', NULL),
(1566, '190506', 'TAMARINDO', '19', '05', '06', 157, 1, '2023-06-21 19:56:28', NULL),
(1567, '190507', 'VICHAYAL', '19', '05', '07', 157, 1, '2023-06-21 19:56:28', NULL),
(1568, '190601', 'SULLANA', '19', '06', '01', 158, 1, '2023-06-21 19:56:28', NULL),
(1569, '190602', 'BELLAVISTA', '19', '06', '02', 158, 1, '2023-06-21 19:56:28', NULL),
(1570, '190603', 'LANCONES', '19', '06', '03', 158, 1, '2023-06-21 19:56:28', NULL),
(1571, '190604', 'MARCAVELICA', '19', '06', '04', 158, 1, '2023-06-21 19:56:28', NULL),
(1572, '190605', 'MIGUEL CHECA', '19', '06', '05', 158, 1, '2023-06-21 19:56:28', NULL),
(1573, '190606', 'QUERECOTILLO', '19', '06', '06', 158, 1, '2023-06-21 19:56:28', NULL),
(1574, '190607', 'SALITRAL', '19', '06', '07', 158, 1, '2023-06-21 19:56:28', NULL),
(1575, '190608', 'IGNACIO ESCUDERO', '19', '06', '08', 158, 1, '2023-06-21 19:56:28', NULL),
(1576, '190701', 'PARINAS', '19', '07', '01', 159, 1, '2023-06-21 19:56:28', NULL),
(1577, '190702', 'EL ALTO', '19', '07', '02', 159, 1, '2023-06-21 19:56:28', NULL),
(1578, '190703', 'LA BREA', '19', '07', '03', 159, 1, '2023-06-21 19:56:28', NULL),
(1579, '190704', 'LOBITOS', '19', '07', '04', 159, 1, '2023-06-21 19:56:28', NULL),
(1580, '190705', 'MANCORA', '19', '07', '05', 159, 1, '2023-06-21 19:56:28', NULL),
(1581, '190706', 'LOS ORGANOS', '19', '07', '06', 159, 1, '2023-06-21 19:56:28', NULL),
(1582, '190801', 'SECHURA', '19', '08', '01', 160, 1, '2023-06-21 19:56:28', NULL),
(1583, '190802', 'VICE', '19', '08', '02', 160, 1, '2023-06-21 19:56:28', NULL),
(1584, '190803', 'BERNAL', '19', '08', '03', 160, 1, '2023-06-21 19:56:28', NULL),
(1585, '190804', 'BELLAVISTA DE LA UNION', '19', '08', '04', 160, 1, '2023-06-21 19:56:28', NULL),
(1586, '190805', 'CRISTO NOS VALGA', '19', '08', '05', 160, 1, '2023-06-21 19:56:28', NULL),
(1587, '190806', 'RINCONADA LLICUAR', '19', '08', '06', 160, 1, '2023-06-21 19:56:28', NULL),
(1588, '200101', 'PUNO', '20', '01', '01', 161, 1, '2023-06-21 19:56:28', NULL),
(1589, '200102', 'ACORA', '20', '01', '02', 161, 1, '2023-06-21 19:56:28', NULL),
(1590, '200103', 'ATUNCOLLA', '20', '01', '03', 161, 1, '2023-06-21 19:56:28', NULL),
(1591, '200104', 'CAPACHICA', '20', '01', '04', 161, 1, '2023-06-21 19:56:28', NULL),
(1592, '200105', 'COATA', '20', '01', '05', 161, 1, '2023-06-21 19:56:28', NULL),
(1593, '200106', 'CHUCUITO', '20', '01', '06', 161, 1, '2023-06-21 19:56:28', NULL),
(1594, '200107', 'HUATA', '20', '01', '07', 161, 1, '2023-06-21 19:56:28', NULL),
(1595, '200108', 'MANAZO', '20', '01', '08', 161, 1, '2023-06-21 19:56:28', NULL),
(1596, '200109', 'PAUCARCOLLA', '20', '01', '09', 161, 1, '2023-06-21 19:56:28', NULL),
(1597, '200110', 'PICHACANI', '20', '01', '10', 161, 1, '2023-06-21 19:56:28', NULL),
(1598, '200111', 'SAN ANTONIO', '20', '01', '11', 161, 1, '2023-06-21 19:56:28', NULL),
(1599, '200112', 'TIQUILLACA', '20', '01', '12', 161, 1, '2023-06-21 19:56:28', NULL),
(1600, '200113', 'VILQUE', '20', '01', '13', 161, 1, '2023-06-21 19:56:28', NULL),
(1601, '200114', 'PLATERIA', '20', '01', '14', 161, 1, '2023-06-21 19:56:28', NULL),
(1602, '200115', 'AMANTANI', '20', '01', '15', 161, 1, '2023-06-21 19:56:28', NULL),
(1603, '200201', 'AZANGARO', '20', '02', '01', 162, 1, '2023-06-21 19:56:28', NULL),
(1604, '200202', 'ACHAYA', '20', '02', '02', 162, 1, '2023-06-21 19:56:28', NULL),
(1605, '200203', 'ARAPA', '20', '02', '03', 162, 1, '2023-06-21 19:56:28', NULL),
(1606, '200204', 'ASILLO', '20', '02', '04', 162, 1, '2023-06-21 19:56:28', NULL),
(1607, '200205', 'CAMINACA', '20', '02', '05', 162, 1, '2023-06-21 19:56:28', NULL),
(1608, '200206', 'CHUPA', '20', '02', '06', 162, 1, '2023-06-21 19:56:28', NULL),
(1609, '200207', 'JOSE DOMINGO CHOQUEHUANCA', '20', '02', '07', 162, 1, '2023-06-21 19:56:28', NULL),
(1610, '200208', 'MUNANI', '20', '02', '08', 162, 1, '2023-06-21 19:56:28', NULL),
(1611, '200210', 'POTONI', '20', '02', '10', 162, 1, '2023-06-21 19:56:28', NULL),
(1612, '200212', 'SAMAN', '20', '02', '12', 162, 1, '2023-06-21 19:56:28', NULL),
(1613, '200213', 'SAN ANTON', '20', '02', '13', 162, 1, '2023-06-21 19:56:28', NULL),
(1614, '200214', 'SAN JOSE', '20', '02', '14', 162, 1, '2023-06-21 19:56:28', NULL),
(1615, '200215', 'SAN JUAN DE SALINAS', '20', '02', '15', 162, 1, '2023-06-21 19:56:28', NULL),
(1616, '200216', 'STGO DE PUPUJA', '20', '02', '16', 162, 1, '2023-06-21 19:56:28', NULL),
(1617, '200217', 'TIRAPATA', '20', '02', '17', 162, 1, '2023-06-21 19:56:28', NULL),
(1618, '200301', 'MACUSANI', '20', '03', '01', 163, 1, '2023-06-21 19:56:28', NULL),
(1619, '200302', 'AJOYANI', '20', '03', '02', 163, 1, '2023-06-21 19:56:28', NULL),
(1620, '200303', 'AYAPATA', '20', '03', '03', 163, 1, '2023-06-21 19:56:28', NULL),
(1621, '200304', 'COASA', '20', '03', '04', 163, 1, '2023-06-21 19:56:28', NULL),
(1622, '200305', 'CORANI', '20', '03', '05', 163, 1, '2023-06-21 19:56:28', NULL),
(1623, '200306', 'CRUCERO', '20', '03', '06', 163, 1, '2023-06-21 19:56:28', NULL),
(1624, '200307', 'ITUATA', '20', '03', '07', 163, 1, '2023-06-21 19:56:28', NULL),
(1625, '200308', 'OLLACHEA', '20', '03', '08', 163, 1, '2023-06-21 19:56:28', NULL),
(1626, '200309', 'SAN GABAN', '20', '03', '09', 163, 1, '2023-06-21 19:56:28', NULL),
(1627, '200310', 'USICAYOS', '20', '03', '10', 163, 1, '2023-06-21 19:56:28', NULL),
(1628, '200401', 'JULI', '20', '04', '01', 164, 1, '2023-06-21 19:56:28', NULL),
(1629, '200402', 'DESAGUADERO', '20', '04', '02', 164, 1, '2023-06-21 19:56:28', NULL),
(1630, '200403', 'HUACULLANI', '20', '04', '03', 164, 1, '2023-06-21 19:56:28', NULL),
(1631, '200406', 'PISACOMA', '20', '04', '06', 164, 1, '2023-06-21 19:56:28', NULL),
(1632, '200407', 'POMATA', '20', '04', '07', 164, 1, '2023-06-21 19:56:28', NULL),
(1633, '200410', 'ZEPITA', '20', '04', '10', 164, 1, '2023-06-21 19:56:28', NULL),
(1634, '200412', 'KELLUYO', '20', '04', '12', 164, 1, '2023-06-21 19:56:28', NULL),
(1635, '200501', 'HUANCANE', '20', '05', '01', 165, 1, '2023-06-21 19:56:28', NULL),
(1636, '200502', 'COJATA', '20', '05', '02', 165, 1, '2023-06-21 19:56:28', NULL),
(1637, '200504', 'INCHUPALLA', '20', '05', '04', 165, 1, '2023-06-21 19:56:28', NULL),
(1638, '200506', 'PUSI', '20', '05', '06', 165, 1, '2023-06-21 19:56:28', NULL),
(1639, '200507', 'ROSASPATA', '20', '05', '07', 165, 1, '2023-06-21 19:56:28', NULL),
(1640, '200508', 'TARACO', '20', '05', '08', 165, 1, '2023-06-21 19:56:28', NULL),
(1641, '200509', 'VILQUE CHICO', '20', '05', '09', 165, 1, '2023-06-21 19:56:28', NULL),
(1642, '200511', 'HUATASANI', '20', '05', '11', 165, 1, '2023-06-21 19:56:28', NULL),
(1643, '200601', 'LAMPA', '20', '06', '01', 166, 1, '2023-06-21 19:56:28', NULL),
(1644, '200602', 'CABANILLA', '20', '06', '02', 166, 1, '2023-06-21 19:56:28', NULL),
(1645, '200603', 'CALAPUJA', '20', '06', '03', 166, 1, '2023-06-21 19:56:28', NULL),
(1646, '200604', 'NICASIO', '20', '06', '04', 166, 1, '2023-06-21 19:56:28', NULL),
(1647, '200605', 'OCUVIRI', '20', '06', '05', 166, 1, '2023-06-21 19:56:28', NULL),
(1648, '200606', 'PALCA', '20', '06', '06', 166, 1, '2023-06-21 19:56:28', NULL),
(1649, '200607', 'PARATIA', '20', '06', '07', 166, 1, '2023-06-21 19:56:28', NULL),
(1650, '200608', 'PUCARA', '20', '06', '08', 166, 1, '2023-06-21 19:56:28', NULL),
(1651, '200609', 'SANTA LUCIA', '20', '06', '09', 166, 1, '2023-06-21 19:56:28', NULL),
(1652, '200610', 'VILAVILA', '20', '06', '10', 166, 1, '2023-06-21 19:56:28', NULL),
(1653, '200701', 'AYAVIRI', '20', '07', '01', 167, 1, '2023-06-21 19:56:28', NULL),
(1654, '200702', 'ANTAUTA', '20', '07', '02', 167, 1, '2023-06-21 19:56:28', NULL),
(1655, '200703', 'CUPI', '20', '07', '03', 167, 1, '2023-06-21 19:56:28', NULL),
(1656, '200704', 'LLALLI', '20', '07', '04', 167, 1, '2023-06-21 19:56:28', NULL),
(1657, '200705', 'MACARI', '20', '07', '05', 167, 1, '2023-06-21 19:56:28', NULL),
(1658, '200706', 'NUNOA', '20', '07', '06', 167, 1, '2023-06-21 19:56:28', NULL),
(1659, '200707', 'ORURILLO', '20', '07', '07', 167, 1, '2023-06-21 19:56:28', NULL),
(1660, '200708', 'SANTA ROSA', '20', '07', '08', 167, 1, '2023-06-21 19:56:28', NULL),
(1661, '200709', 'UMACHIRI', '20', '07', '09', 167, 1, '2023-06-21 19:56:28', NULL),
(1662, '200801', 'SANDIA', '20', '08', '01', 168, 1, '2023-06-21 19:56:28', NULL),
(1663, '200803', 'CUYOCUYO', '20', '08', '03', 168, 1, '2023-06-21 19:56:28', NULL),
(1664, '200804', 'LIMBANI', '20', '08', '04', 168, 1, '2023-06-21 19:56:28', NULL),
(1665, '200805', 'PHARA', '20', '08', '05', 168, 1, '2023-06-21 19:56:28', NULL),
(1666, '200806', 'PATAMBUCO', '20', '08', '06', 168, 1, '2023-06-21 19:56:28', NULL),
(1667, '200807', 'QUIACA', '20', '08', '07', 168, 1, '2023-06-21 19:56:28', NULL),
(1668, '200808', 'SAN JUAN DEL ORO', '20', '08', '08', 168, 1, '2023-06-21 19:56:28', NULL),
(1669, '200810', 'YANAHUAYA', '20', '08', '10', 168, 1, '2023-06-21 19:56:28', NULL),
(1670, '200811', 'ALTO INAMBARI', '20', '08', '11', 168, 1, '2023-06-21 19:56:28', NULL),
(1671, '200812', 'SAN PEDRO DE PUTINA PUNCO', '20', '08', '12', 168, 1, '2023-06-21 19:56:28', NULL),
(1672, '200901', 'JULIACA', '20', '09', '01', 169, 1, '2023-06-21 19:56:28', NULL),
(1673, '200902', 'CABANA', '20', '09', '02', 169, 1, '2023-06-21 19:56:28', NULL),
(1674, '200903', 'CABANILLAS', '20', '09', '03', 169, 1, '2023-06-21 19:56:28', NULL),
(1675, '200904', 'CARACOTO', '20', '09', '04', 169, 1, '2023-06-21 19:56:28', NULL),
(1676, '201001', 'YUNGUYO', '20', '10', '01', 170, 1, '2023-06-21 19:56:28', NULL),
(1677, '201002', 'UNICACHI', '20', '10', '02', 170, 1, '2023-06-21 19:56:28', NULL),
(1678, '201003', 'ANAPIA', '20', '10', '03', 170, 1, '2023-06-21 19:56:28', NULL),
(1679, '201004', 'COPANI', '20', '10', '04', 170, 1, '2023-06-21 19:56:28', NULL),
(1680, '201005', 'CUTURAPI', '20', '10', '05', 170, 1, '2023-06-21 19:56:28', NULL),
(1681, '201006', 'OLLARAYA', '20', '10', '06', 170, 1, '2023-06-21 19:56:28', NULL),
(1682, '201007', 'TINICACHI', '20', '10', '07', 170, 1, '2023-06-21 19:56:28', NULL),
(1683, '201101', 'PUTINA', '20', '11', '01', 171, 1, '2023-06-21 19:56:28', NULL),
(1684, '201102', 'PEDRO VILCA APAZA', '20', '11', '02', 171, 1, '2023-06-21 19:56:28', NULL),
(1685, '201103', 'QUILCA PUNCU', '20', '11', '03', 171, 1, '2023-06-21 19:56:28', NULL),
(1686, '201104', 'ANANEA', '20', '11', '04', 171, 1, '2023-06-21 19:56:28', NULL),
(1687, '201105', 'SINA', '20', '11', '05', 171, 1, '2023-06-21 19:56:28', NULL),
(1688, '201201', 'ILAVE', '20', '12', '01', 172, 1, '2023-06-21 19:56:28', NULL),
(1689, '201202', 'PILCUYO', '20', '12', '02', 172, 1, '2023-06-21 19:56:28', NULL),
(1690, '201203', 'SANTA ROSA', '20', '12', '03', 172, 1, '2023-06-21 19:56:28', NULL),
(1691, '201204', 'CAPASO', '20', '12', '04', 172, 1, '2023-06-21 19:56:28', NULL),
(1692, '201205', 'CONDURIRI', '20', '12', '05', 172, 1, '2023-06-21 19:56:28', NULL),
(1693, '201301', 'MOHO', '20', '13', '01', 173, 1, '2023-06-21 19:56:28', NULL),
(1694, '201302', 'CONIMA', '20', '13', '02', 173, 1, '2023-06-21 19:56:28', NULL),
(1695, '201303', 'TILALI', '20', '13', '03', 173, 1, '2023-06-21 19:56:28', NULL),
(1696, '201304', 'HUAYRAPATA', '20', '13', '04', 173, 1, '2023-06-21 19:56:28', NULL),
(1697, '210101', 'MOYOBAMBA', '21', '01', '01', 174, 1, '2023-06-21 19:56:28', NULL),
(1698, '210102', 'CALZADA', '21', '01', '02', 174, 1, '2023-06-21 19:56:28', NULL),
(1699, '210103', 'HABANA', '21', '01', '03', 174, 1, '2023-06-21 19:56:28', NULL),
(1700, '210104', 'JEPELACIO', '21', '01', '04', 174, 1, '2023-06-21 19:56:28', NULL),
(1701, '210105', 'SORITOR', '21', '01', '05', 174, 1, '2023-06-21 19:56:28', NULL),
(1702, '210106', 'YANTALO', '21', '01', '06', 174, 1, '2023-06-21 19:56:28', NULL),
(1703, '210201', 'SAPOSOA', '21', '02', '01', 175, 1, '2023-06-21 19:56:28', NULL),
(1704, '210202', 'PISCOYACU', '21', '02', '02', 175, 1, '2023-06-21 19:56:28', NULL),
(1705, '210203', 'SACANCHE', '21', '02', '03', 175, 1, '2023-06-21 19:56:28', NULL),
(1706, '210204', 'TINGO DE SAPOSOA', '21', '02', '04', 175, 1, '2023-06-21 19:56:28', NULL),
(1707, '210205', 'ALTO SAPOSOA', '21', '02', '05', 175, 1, '2023-06-21 19:56:28', NULL),
(1708, '210206', 'EL ESLABON', '21', '02', '06', 175, 1, '2023-06-21 19:56:28', NULL),
(1709, '210301', 'LAMAS', '21', '03', '01', 176, 1, '2023-06-21 19:56:28', NULL),
(1710, '210303', 'BARRANQUITA', '21', '03', '03', 176, 1, '2023-06-21 19:56:28', NULL),
(1711, '210304', 'CAYNARACHI', '21', '03', '04', 176, 1, '2023-06-21 19:56:28', NULL),
(1712, '210305', 'CUNUMBUQUI', '21', '03', '05', 176, 1, '2023-06-21 19:56:28', NULL),
(1713, '210306', 'PINTO RECODO', '21', '03', '06', 176, 1, '2023-06-21 19:56:28', NULL),
(1714, '210307', 'RUMISAPA', '21', '03', '07', 176, 1, '2023-06-21 19:56:28', NULL),
(1715, '210311', 'SHANAO', '21', '03', '11', 176, 1, '2023-06-21 19:56:28', NULL),
(1716, '210313', 'TABALOSOS', '21', '03', '13', 176, 1, '2023-06-21 19:56:28', NULL),
(1717, '210314', 'ZAPATERO', '21', '03', '14', 176, 1, '2023-06-21 19:56:28', NULL),
(1718, '210315', 'ALONSO DE ALVARADO', '21', '03', '15', 176, 1, '2023-06-21 19:56:28', NULL),
(1719, '210316', 'SAN ROQUE DE CUMBAZA', '21', '03', '16', 176, 1, '2023-06-21 19:56:28', NULL),
(1720, '210401', 'JUANJUI', '21', '04', '01', 177, 1, '2023-06-21 19:56:28', NULL),
(1721, '210402', 'CAMPANILLA', '21', '04', '02', 177, 1, '2023-06-21 19:56:28', NULL),
(1722, '210403', 'HUICUNGO', '21', '04', '03', 177, 1, '2023-06-21 19:56:28', NULL),
(1723, '210404', 'PACHIZA', '21', '04', '04', 177, 1, '2023-06-21 19:56:28', NULL),
(1724, '210405', 'PAJARILLO', '21', '04', '05', 177, 1, '2023-06-21 19:56:28', NULL),
(1725, '210501', 'RIOJA', '21', '05', '01', 178, 1, '2023-06-21 19:56:28', NULL),
(1726, '210502', 'POSIC', '21', '05', '02', 178, 1, '2023-06-21 19:56:28', NULL),
(1727, '210503', 'YORONGOS', '21', '05', '03', 178, 1, '2023-06-21 19:56:28', NULL),
(1728, '210504', 'YURACYACU', '21', '05', '04', 178, 1, '2023-06-21 19:56:28', NULL),
(1729, '210505', 'NUEVA CAJAMARCA', '21', '05', '05', 178, 1, '2023-06-21 19:56:28', NULL),
(1730, '210506', 'ELIAS SOPLIN', '21', '05', '06', 178, 1, '2023-06-21 19:56:28', NULL),
(1731, '210507', 'SAN FERNANDO', '21', '05', '07', 178, 1, '2023-06-21 19:56:28', NULL),
(1732, '210508', 'PARDO MIGUEL', '21', '05', '08', 178, 1, '2023-06-21 19:56:28', NULL),
(1733, '210509', 'AWAJUN', '21', '05', '09', 178, 1, '2023-06-21 19:56:28', NULL),
(1734, '210601', 'TARAPOTO', '21', '06', '01', 179, 1, '2023-06-21 19:56:28', NULL),
(1735, '210602', 'ALBERTO LEVEAU', '21', '06', '02', 179, 1, '2023-06-21 19:56:28', NULL),
(1736, '210604', 'CACATACHI', '21', '06', '04', 179, 1, '2023-06-21 19:56:28', NULL),
(1737, '210606', 'CHAZUTA', '21', '06', '06', 179, 1, '2023-06-21 19:56:28', NULL),
(1738, '210607', 'CHIPURANA', '21', '06', '07', 179, 1, '2023-06-21 19:56:28', NULL),
(1739, '210608', 'EL PORVENIR', '21', '06', '08', 179, 1, '2023-06-21 19:56:28', NULL),
(1740, '210609', 'HUIMBAYOC', '21', '06', '09', 179, 1, '2023-06-21 19:56:28', NULL),
(1741, '210610', 'JUAN GUERRA', '21', '06', '10', 179, 1, '2023-06-21 19:56:28', NULL),
(1742, '210611', 'MORALES', '21', '06', '11', 179, 1, '2023-06-21 19:56:28', NULL),
(1743, '210612', 'PAPAPLAYA', '21', '06', '12', 179, 1, '2023-06-21 19:56:28', NULL),
(1744, '210616', 'SAN ANTONIO', '21', '06', '16', 179, 1, '2023-06-21 19:56:28', NULL),
(1745, '210619', 'SAUCE', '21', '06', '19', 179, 1, '2023-06-21 19:56:28', NULL),
(1746, '210620', 'SHAPAJA', '21', '06', '20', 179, 1, '2023-06-21 19:56:28', NULL),
(1747, '210621', 'LA BANDA DE SHILCAYO', '21', '06', '21', 179, 1, '2023-06-21 19:56:28', NULL),
(1748, '210701', 'BELLAVISTA', '21', '07', '01', 180, 1, '2023-06-21 19:56:28', NULL),
(1749, '210702', 'SAN RAFAEL', '21', '07', '02', 180, 1, '2023-06-21 19:56:28', NULL),
(1750, '210703', 'SAN PABLO', '21', '07', '03', 180, 1, '2023-06-21 19:56:28', NULL),
(1751, '210704', 'ALTO BIAVO', '21', '07', '04', 180, 1, '2023-06-21 19:56:28', NULL),
(1752, '210705', 'HUALLAGA', '21', '07', '05', 180, 1, '2023-06-21 19:56:28', NULL),
(1753, '210706', 'BAJO BIAVO', '21', '07', '06', 180, 1, '2023-06-21 19:56:28', NULL),
(1754, '210801', 'TOCACHE', '21', '08', '01', 181, 1, '2023-06-21 19:56:28', NULL),
(1755, '210802', 'NUEVO PROGRESO', '21', '08', '02', 181, 1, '2023-06-21 19:56:28', NULL),
(1756, '210803', 'POLVORA', '21', '08', '03', 181, 1, '2023-06-21 19:56:28', NULL),
(1757, '210804', 'SHUNTE', '21', '08', '04', 181, 1, '2023-06-21 19:56:28', NULL),
(1758, '210805', 'UCHIZA', '21', '08', '05', 181, 1, '2023-06-21 19:56:28', NULL),
(1759, '210901', 'PICOTA', '21', '09', '01', 182, 1, '2023-06-21 19:56:28', NULL),
(1760, '210902', 'BUENOS AIRES', '21', '09', '02', 182, 1, '2023-06-21 19:56:28', NULL),
(1761, '210903', 'CASPIZAPA', '21', '09', '03', 182, 1, '2023-06-21 19:56:28', NULL),
(1762, '210904', 'PILLUANA', '21', '09', '04', 182, 1, '2023-06-21 19:56:28', NULL),
(1763, '210905', 'PUCACACA', '21', '09', '05', 182, 1, '2023-06-21 19:56:28', NULL),
(1764, '210906', 'SAN CRISTOBAL', '21', '09', '06', 182, 1, '2023-06-21 19:56:28', NULL),
(1765, '210907', 'SAN HILARION', '21', '09', '07', 182, 1, '2023-06-21 19:56:28', NULL),
(1766, '210908', 'TINGO DE PONASA', '21', '09', '08', 182, 1, '2023-06-21 19:56:28', NULL),
(1767, '210909', 'TRES UNIDOS', '21', '09', '09', 182, 1, '2023-06-21 19:56:28', NULL),
(1768, '210910', 'SHAMBOYACU', '21', '09', '10', 182, 1, '2023-06-21 19:56:28', NULL),
(1769, '211001', 'SAN JOSE DE SISA', '21', '10', '01', 183, 1, '2023-06-21 19:56:28', NULL),
(1770, '211002', 'AGUA BLANCA', '21', '10', '02', 183, 1, '2023-06-21 19:56:28', NULL),
(1771, '211003', 'SHATOJA', '21', '10', '03', 183, 1, '2023-06-21 19:56:28', NULL),
(1772, '211004', 'SAN MARTIN', '21', '10', '04', 183, 1, '2023-06-21 19:56:28', NULL),
(1773, '211005', 'SANTA ROSA', '21', '10', '05', 183, 1, '2023-06-21 19:56:28', NULL),
(1774, '220101', 'TACNA', '22', '01', '01', 184, 1, '2023-06-21 19:56:28', NULL),
(1775, '220102', 'CALANA', '22', '01', '02', 184, 1, '2023-06-21 19:56:28', NULL),
(1776, '220104', 'INCLAN', '22', '01', '04', 184, 1, '2023-06-21 19:56:28', NULL),
(1777, '220107', 'PACHIA', '22', '01', '07', 184, 1, '2023-06-21 19:56:28', NULL),
(1778, '220108', 'PALCA', '22', '01', '08', 184, 1, '2023-06-21 19:56:28', NULL),
(1779, '220109', 'POCOLLAY', '22', '01', '09', 184, 1, '2023-06-21 19:56:28', NULL),
(1780, '220110', 'SAMA', '22', '01', '10', 184, 1, '2023-06-21 19:56:28', NULL),
(1781, '220111', 'ALTO DE LA ALIANZA', '22', '01', '11', 184, 1, '2023-06-21 19:56:28', NULL),
(1782, '220112', 'CIUDAD NUEVA', '22', '01', '12', 184, 1, '2023-06-21 19:56:28', NULL),
(1783, '220113', 'CORONEL GREGORIO ALBARRACIN L.ALFONSO UGARTE', '22', '01', '13', 184, 1, '2023-06-21 19:56:28', NULL),
(1784, '220201', 'TARATA', '22', '02', '01', 185, 1, '2023-06-21 19:56:28', NULL),
(1785, '220205', 'CHUCATAMANI', '22', '02', '05', 185, 1, '2023-06-21 19:56:28', NULL),
(1786, '220206', 'ESTIQUE', '22', '02', '06', 185, 1, '2023-06-21 19:56:28', NULL),
(1787, '220207', 'ESTIQUE PAMPA', '22', '02', '07', 185, 1, '2023-06-21 19:56:28', NULL),
(1788, '220210', 'SITAJARA', '22', '02', '10', 185, 1, '2023-06-21 19:56:28', NULL),
(1789, '220211', 'SUSAPAYA', '22', '02', '11', 185, 1, '2023-06-21 19:56:28', NULL),
(1790, '220212', 'TARUCACHI', '22', '02', '12', 185, 1, '2023-06-21 19:56:28', NULL),
(1791, '220213', 'TICACO', '22', '02', '13', 185, 1, '2023-06-21 19:56:28', NULL),
(1792, '220301', 'LOCUMBA', '22', '03', '01', 186, 1, '2023-06-21 19:56:28', NULL),
(1793, '220302', 'ITE', '22', '03', '02', 186, 1, '2023-06-21 19:56:28', NULL),
(1794, '220303', 'ILABAYA', '22', '03', '03', 186, 1, '2023-06-21 19:56:28', NULL),
(1795, '220401', 'CANDARAVE', '22', '04', '01', 187, 1, '2023-06-21 19:56:28', NULL),
(1796, '220402', 'CAIRANI', '22', '04', '02', 187, 1, '2023-06-21 19:56:28', NULL),
(1797, '220403', 'CURIBAYA', '22', '04', '03', 187, 1, '2023-06-21 19:56:28', NULL),
(1798, '220404', 'HUANUARA', '22', '04', '04', 187, 1, '2023-06-21 19:56:28', NULL),
(1799, '220405', 'QUILAHUANI', '22', '04', '05', 187, 1, '2023-06-21 19:56:28', NULL),
(1800, '220406', 'CAMILACA', '22', '04', '06', 187, 1, '2023-06-21 19:56:28', NULL),
(1801, '230101', 'TUMBES', '23', '01', '01', 188, 1, '2023-06-21 19:56:28', NULL);
INSERT INTO `distritos` (`id`, `codigo`, `descripcion`, `codigodeptamento`, `codigoprovincia`, `codigodistrito`, `provincia_id`, `activo`, `created_at`, `updated_at`) VALUES
(1802, '230102', 'CORRALES', '23', '01', '02', 188, 1, '2023-06-21 19:56:28', NULL),
(1803, '230103', 'LA CRUZ', '23', '01', '03', 188, 1, '2023-06-21 19:56:28', NULL),
(1804, '230104', 'PAMPAS DE HOSPITAL', '23', '01', '04', 188, 1, '2023-06-21 19:56:28', NULL),
(1805, '230105', 'SAN JACINTO', '23', '01', '05', 188, 1, '2023-06-21 19:56:28', NULL),
(1806, '230106', 'SAN JUAN DE LA VIRGEN', '23', '01', '06', 188, 1, '2023-06-21 19:56:28', NULL),
(1807, '230201', 'ZORRITOS', '23', '02', '01', 189, 1, '2023-06-21 19:56:28', NULL),
(1808, '230202', 'CASITAS', '23', '02', '02', 189, 1, '2023-06-21 19:56:28', NULL),
(1809, '230203', 'CANOAS DE PUNTA SAL', '23', '02', '03', 189, 1, '2023-06-21 19:56:28', NULL),
(1810, '230301', 'ZARUMILLA', '23', '03', '01', 190, 1, '2023-06-21 19:56:28', NULL),
(1811, '230302', 'MATAPALO', '23', '03', '02', 190, 1, '2023-06-21 19:56:28', NULL),
(1812, '230303', 'PAPAYAL', '23', '03', '03', 190, 1, '2023-06-21 19:56:28', NULL),
(1813, '230304', 'AGUAS VERDES', '23', '03', '04', 190, 1, '2023-06-21 19:56:28', NULL),
(1814, '240101', 'CALLAO', '24', '01', '01', 191, 1, '2023-06-21 19:56:28', NULL),
(1815, '240102', 'BELLAVISTA', '24', '01', '02', 191, 1, '2023-06-21 19:56:28', NULL),
(1816, '240103', 'LA PUNTA', '24', '01', '03', 191, 1, '2023-06-21 19:56:28', NULL),
(1817, '240104', 'CARMEN DE LA LEGUA-REYNOSO', '24', '01', '04', 191, 1, '2023-06-21 19:56:28', NULL),
(1818, '240105', 'LA PERLA', '24', '01', '05', 191, 1, '2023-06-21 19:56:28', NULL),
(1819, '240106', 'VENTANILLA', '24', '01', '06', 191, 1, '2023-06-21 19:56:28', NULL),
(1820, '250101', 'CALLERIA', '25', '01', '01', 192, 1, '2023-06-21 19:56:28', NULL),
(1821, '250102', 'YARINACOCHA', '25', '01', '02', 192, 1, '2023-06-21 19:56:28', NULL),
(1822, '250103', 'MASISEA', '25', '01', '03', 192, 1, '2023-06-21 19:56:28', NULL),
(1823, '250104', 'CAMPOVERDE', '25', '01', '04', 192, 1, '2023-06-21 19:56:28', NULL),
(1824, '250105', 'IPARIA', '25', '01', '05', 192, 1, '2023-06-21 19:56:28', NULL),
(1825, '250106', 'NUEVA REQUENA', '25', '01', '06', 192, 1, '2023-06-21 19:56:28', NULL),
(1826, '250107', 'MANANTAY', '25', '01', '07', 192, 1, '2023-06-21 19:56:28', NULL),
(1827, '250201', 'PADRE ABAD', '25', '02', '01', 193, 1, '2023-06-21 19:56:28', NULL),
(1828, '250202', 'YRAZOLA', '25', '02', '02', 193, 1, '2023-06-21 19:56:28', NULL),
(1829, '250203', 'CURIMANA', '25', '02', '03', 193, 1, '2023-06-21 19:56:28', NULL),
(1830, '250301', 'RAIMONDI', '25', '03', '01', 194, 1, '2023-06-21 19:56:28', NULL),
(1831, '250302', 'TAHUANIA', '25', '03', '02', 194, 1, '2023-06-21 19:56:28', NULL),
(1832, '250303', 'YURUA', '25', '03', '03', 194, 1, '2023-06-21 19:56:28', NULL),
(1833, '250304', 'SEPAHUA', '25', '03', '04', 194, 1, '2023-06-21 19:56:28', NULL),
(1834, '250401', 'PURUS', '25', '04', '01', 195, 1, '2023-06-21 19:56:28', NULL),
(1835, '190000', 'VEINTISEIS DE OCTUBRE', '19', '01', '00', 153, 1, '2023-06-21 19:56:28', NULL);

-- --------------------------------------------------------

--
-- Estructura de tabla para la tabla `documentosficha`
--

DROP TABLE IF EXISTS `documentosficha`;
CREATE TABLE IF NOT EXISTS `documentosficha` (
  `id` int(11) NOT NULL AUTO_INCREMENT,
  `ficha_id` int(11) NOT NULL,
  `codigo` varchar(50) DEFAULT NULL,
  `descripcion` varchar(1000) DEFAULT NULL,
  `tipo` varchar(50) DEFAULT NULL,
  `activo` int(11) NOT NULL DEFAULT '1',
  `usercrea` int(11) NOT NULL,
  `fechacrea` date NOT NULL,
  `usermod` date DEFAULT NULL,
  `fechamod` date DEFAULT NULL,
  `created_at` timestamp NOT NULL DEFAULT CURRENT_TIMESTAMP,
  `updated_at` timestamp NULL DEFAULT NULL,
  PRIMARY KEY (`id`)
) ENGINE=MyISAM AUTO_INCREMENT=15 DEFAULT CHARSET=latin1;

--
-- Volcado de datos para la tabla `documentosficha`
--

INSERT INTO `documentosficha` (`id`, `ficha_id`, `codigo`, `descripcion`, `tipo`, `activo`, `usercrea`, `fechacrea`, `usermod`, `fechamod`, `created_at`, `updated_at`) VALUES
(6, 1, NULL, '000000000001-1-sql.txt', NULL, 0, 1, '2023-07-10', NULL, NULL, '2023-07-10 14:41:41', '2023-07-10 14:59:57'),
(7, 1, '000000000001', '000000000001-2-user sa sqlserver.txt', NULL, 0, 1, '2023-07-10', NULL, NULL, '2023-07-10 14:44:36', '2023-07-10 14:59:58'),
(8, 2, '000000000002', '000000000002-1-Genera código.rar', NULL, 0, 1, '2023-07-10', NULL, NULL, '2023-07-10 15:36:47', '2023-07-10 06:06:55'),
(9, 8, '000000000003', '000000000008-1-habilitar_usb.reg', NULL, 1, 1, '2023-07-10', NULL, NULL, '2023-07-10 16:41:59', NULL),
(10, 3, '000000000004', '000000000003-1-user sa sqlserver.txt', NULL, 1, 1, '2023-07-10', NULL, NULL, '2023-07-10 17:08:26', NULL),
(11, 8, '000000000005', '000000000008-2-habilitar_usb.reg', NULL, 1, 1, '2023-07-10', NULL, NULL, '2023-07-10 17:10:28', NULL),
(12, 2, '000000000006', '000000000002-2-sql.txt', NULL, 0, 1, '2023-07-10', NULL, NULL, '2023-07-10 18:07:57', '2023-07-10 06:07:59'),
(13, 2, '000000000007', '000000000002-3-user sa sqlserver.txt', NULL, 1, 1, '2023-07-10', NULL, NULL, '2023-07-10 18:08:12', NULL),
(14, 2, '000000000008', '000000000002-4-sql.txt', NULL, 1, 1, '2023-07-10', NULL, NULL, '2023-07-10 18:08:18', NULL);

-- --------------------------------------------------------

--
-- Estructura de tabla para la tabla `empresas`
--

DROP TABLE IF EXISTS `empresas`;
CREATE TABLE IF NOT EXISTS `empresas` (
  `id` int(10) UNSIGNED NOT NULL AUTO_INCREMENT,
  `nombre` varchar(200) COLLATE utf8mb4_unicode_ci NOT NULL,
  `razonsocial` varchar(200) COLLATE utf8mb4_unicode_ci NOT NULL,
  `ruc` varchar(50) COLLATE utf8mb4_unicode_ci DEFAULT NULL,
  `direccion` varchar(500) COLLATE utf8mb4_unicode_ci NOT NULL,
  `activo` tinyint(1) NOT NULL DEFAULT '1',
  `created_at` timestamp NULL DEFAULT CURRENT_TIMESTAMP,
  `updated_at` timestamp NULL DEFAULT NULL,
  PRIMARY KEY (`id`)
) ENGINE=MyISAM AUTO_INCREMENT=9 DEFAULT CHARSET=utf8mb4 COLLATE=utf8mb4_unicode_ci;

--
-- Volcado de datos para la tabla `empresas`
--

INSERT INTO `empresas` (`id`, `nombre`, `razonsocial`, `ruc`, `direccion`, `activo`, `created_at`, `updated_at`) VALUES
(1, 'AGUSTIN GAVIDIA SALCEDO', 'AGUSTIN GAVIDIA SALCEDO', '11111111111', 'PERU - LAMBAYEQUE', 1, '2020-09-24 17:47:55', '2023-02-22 15:41:30');

-- --------------------------------------------------------

--
-- Estructura de tabla para la tabla `estados`
--

DROP TABLE IF EXISTS `estados`;
CREATE TABLE IF NOT EXISTS `estados` (
  `id` int(11) NOT NULL AUTO_INCREMENT,
  `descripcion` varchar(200) NOT NULL,
  `classcolor` varchar(100) DEFAULT NULL,
  `color` varchar(50) DEFAULT NULL,
  `created_at` timestamp NULL DEFAULT CURRENT_TIMESTAMP,
  `updated_at` timestamp NULL DEFAULT CURRENT_TIMESTAMP,
  PRIMARY KEY (`id`)
) ENGINE=MyISAM AUTO_INCREMENT=9 DEFAULT CHARSET=latin1;

--
-- Volcado de datos para la tabla `estados`
--

INSERT INTO `estados` (`id`, `descripcion`, `classcolor`, `color`, `created_at`, `updated_at`) VALUES
(1, 'GENERADO', 'general', '', '2023-06-23 00:18:33', '2023-06-23 00:18:33'),
(2, 'PRE-APROBADO', 'primary', '', '2023-06-23 00:18:33', '2023-06-23 00:18:33'),
(3, 'ELIMINADO', 'danger', '', '2023-06-23 00:18:33', '2023-06-23 00:18:33'),
(4, 'CONFIRMADO', 'primary', '', '2023-06-23 00:18:33', '2023-06-23 00:18:33'),
(5, 'APROBADO', 'primary', '', '2023-06-23 00:18:33', '2023-06-23 00:18:33'),
(6, 'TERMINADO', 'success', '', '2023-06-23 00:19:02', '2023-06-23 00:19:02'),
(7, 'RECHAZADO', '', '', '2023-06-23 14:33:55', '2023-06-23 14:33:55');

-- --------------------------------------------------------

--
-- Estructura de tabla para la tabla `familiares`
--

DROP TABLE IF EXISTS `familiares`;
CREATE TABLE IF NOT EXISTS `familiares` (
  `id` int(11) NOT NULL AUTO_INCREMENT,
  `ficha_id` int(11) NOT NULL,
  `swentrevistado` smallint(6) NOT NULL DEFAULT '0',
  `nombres` varchar(200) DEFAULT NULL,
  `apellidopaterno` varchar(200) DEFAULT NULL,
  `apellidomaterno` varchar(200) DEFAULT NULL,
  `dni` varchar(20) DEFAULT NULL,
  `fechanacimiento` date DEFAULT NULL,
  `edad` smallint(6) NOT NULL DEFAULT '0',
  `sexo` smallint(6) NOT NULL DEFAULT '0',
  `telefono` varchar(20) NOT NULL,
  `email` varchar(200) NOT NULL,
  `parentesco_id` int(11) NOT NULL,
  `parentesco` varchar(200) NOT NULL,
  `estadocivil_id` int(11) NOT NULL,
  `estadocivil` varchar(200) NOT NULL,
  `niveleducativo_id` int(11) NOT NULL,
  `niveleducativo` varchar(200) NOT NULL,
  `tiposeguro_id` int(11) NOT NULL,
  `tiposeguro` varchar(200) NOT NULL,
  `cargafamiliar` int(11) NOT NULL DEFAULT '0',
  `activo` smallint(6) NOT NULL DEFAULT '1',
  `created_at` timestamp NULL DEFAULT CURRENT_TIMESTAMP,
  `updated_at` timestamp NULL DEFAULT NULL,
  PRIMARY KEY (`id`)
) ENGINE=MyISAM AUTO_INCREMENT=76 DEFAULT CHARSET=latin1;

--
-- Volcado de datos para la tabla `familiares`
--

INSERT INTO `familiares` (`id`, `ficha_id`, `swentrevistado`, `nombres`, `apellidopaterno`, `apellidomaterno`, `dni`, `fechanacimiento`, `edad`, `sexo`, `telefono`, `email`, `parentesco_id`, `parentesco`, `estadocivil_id`, `estadocivil`, `niveleducativo_id`, `niveleducativo`, `tiposeguro_id`, `tiposeguro`, `cargafamiliar`, `activo`, `created_at`, `updated_at`) VALUES
(1, 1, 0, 'n', '3', 'n4', '33', '1990-03-01', 33, 0, '3334', 'neil8928@gmail.com', 1, 'Padre', 9, 'Conviviente', 15, 'Prim.Completa', 23, 'ESSALUD', 1, 0, '2023-06-30 17:59:07', '2023-07-05 06:58:31'),
(2, 1, 0, 'n', 'wer', 'nt', '5345345345', '2023-06-30', 4, 0, '23423423', 'neil8928@gmail.com', 2, 'Madre', 8, 'Soltero(a)', 14, 'Ninguno', 22, 'SIS', 0, 0, '2023-06-30 06:12:05', '2023-07-03 17:36:10'),
(3, 1, 0, 'neil', 'vigil', 'guevara', '333333333', '1990-07-18', 32, 0, '444444444', 'neil8928@gmail.com', 1, 'Padre', 10, 'Casado(a)', 15, 'Prim.Completa', 24, 'EPS', 1, 0, '2023-07-03 08:07:54', '2023-07-03 08:09:42'),
(4, 1, 0, 'n', 'kl', 'kjk', '45678945', '1999-07-01', 24, 0, '789456123', 'neil8928@gmail.com', 4, 'Hermano(a)', 11, 'Viudo(a)', 16, 'Prim.Incompleta', 23, 'ESSALUD', 1, 0, '2023-07-03 09:39:26', '2023-07-03 16:32:51'),
(5, 1, 0, 'n', 'ghghj', 'n', '45678912', '2023-07-03', 2, 0, '978654213', 'neil8928@gmail.com', 4, 'Hermano(a)', 8, 'Soltero(a)', 15, 'Prim.Completa', 24, 'EPS', 3, 0, '2023-07-03 09:42:00', '2023-07-03 16:32:47'),
(6, 1, 0, 'n', 'jjj', 'n', '555555555555555', '2022-03-04', 1, 0, '7777777777', 'neil8928@gmail.com', 6, 'Primo(a)', 9, 'Conviviente', 15, 'Prim.Completa', 23, 'ESSALUD', 0, 0, '2023-07-03 16:32:23', '2023-07-04 14:29:05'),
(7, 1, 0, 'n', 'chivito', 'nsadj', '4564654654', '2014-02-28', 9, 0, '65465465', 'neil8928@gmail.com', 3, 'Hijo(a)', 10, 'Casado(a)', 16, 'Prim.Incompleta', 25, 'SSP', 0, 1, '2023-07-04 14:28:54', NULL),
(8, 1, 0, 'n', 'sadas', 'n', '123123', '2023-07-05', 30, 0, '123123', 'neil8928@gmail.com', 2, 'Madre', 9, 'Conviviente', 20, 'Sup.No Univers.', 24, 'EPS', 0, 1, '2023-07-05 10:58:24', NULL),
(9, 1, 0, 'neeeee', 'asdsd4444', 'n55555', '23423423', '2023-07-05', 3, 1, '234234234', 'neil8928@gmail.com', 3, 'Hijo(a)', 8, 'Soltero(a)', 14, 'Ninguno', 22, 'SIS', 0, 1, '2023-07-05 06:44:12', NULL),
(10, 1, 0, 'viviana', 'vsss', 'sollis', '33333344444', '2002-07-05', 21, 1, '2234324', 'neil8928@gmail.com', 4, 'Hermano(a)', 11, 'Viudo(a)', 15, 'Prim.Completa', 25, 'SSP', 0, 1, '2023-07-05 06:45:14', NULL),
(11, 1, 0, 'yovana', 'cieza', 'paredes', '3333333', '2001-07-06', 22, 0, '4444444', 'neil8928@gmail.com', 3, 'Hijo(a)', 10, 'Casado(a)', 17, 'Sec.Completa', 22, 'SIS', 1, 1, '2023-07-06 15:19:49', NULL),
(12, 2, 0, 'neil', 'vigil', 'guevara', '45454545', '1989-06-28', 34, 0, '979797975', 'neil8928@gmail.com', 3, 'Hijo(a)', 9, 'Conviviente', 19, 'Sup.Univers.', 23, 'ESSALUD', 1, 0, '2023-07-06 16:25:41', '2023-07-10 17:57:13'),
(13, 2, 0, 'ebelin', 'tesen', 'ramires', '46464646', '1990-01-01', 33, 0, '979797978', 'neil8928@gmail.com', 3, 'Hijo(a)', 9, 'Conviviente', 20, 'Sup.No Univers.', 22, 'SIS', 1, 1, '2023-07-06 16:28:00', NULL),
(14, 2, 0, 'helen', 'vigil', 'guevara', '66666666', '2001-07-06', 22, 0, '979797976', 'neil8928@gmail.com', 3, 'Hijo(a)', 8, 'Soltero(a)', 19, 'Sup.Univers.', 22, 'SIS', 0, 1, '2023-07-06 16:40:54', NULL),
(15, 2, 0, 'kkk', 'lllll', 'mmmm', '47474747', '2010-07-07', 13, 1, '979797971', 'neil8928@gmail.com', 3, 'Hijo(a)', 8, 'Soltero(a)', 15, 'Prim.Completa', 23, 'ESSALUD', 0, 1, '2023-07-06 16:42:19', NULL),
(16, 2, 0, 'isabel', 'catolica', 'burquesa', '74747474', '2010-07-06', 13, 1, '979797974', 'isabel@gmail.com', 6, 'Primo(a)', 8, 'Soltero(a)', 18, 'Sec.Incompleta', 22, 'SIS', 0, 1, '2023-07-06 16:54:15', NULL),
(17, 2, 0, 'bianca', 'marce', 'chuque', '78787878', '2000-07-06', 23, 1, '979797978', 'bmarce@gmail.com', 4, 'Hermano(a)', 9, 'Conviviente', 15, 'Prim.Completa', 22, 'SIS', 2, 1, '2023-07-06 16:58:03', NULL),
(18, 2, 0, 'blanca', 'flor', 'ciguieñas', '71717171', '1989-07-07', 34, 1, '979797977', 'blancaflor@gmail.com', 4, 'Hermano(a)', 11, 'Viudo(a)', 17, 'Sec.Completa', 22, 'SIS', 3, 1, '2023-07-07 17:06:07', NULL),
(19, 2, 0, 'frank', 'chivita', 'saldaña', '33333333', '1988-08-06', 34, 1, '979797973', 'chivita@gmail.com', 2, 'Madre', 11, 'Viudo(a)', 19, 'Sup.Univers.', 23, 'ESSALUD', 0, 0, '2023-07-07 17:08:24', '2023-07-10 17:57:19'),
(20, 3, 0, 'chiva', 'loca', 'chivita', '44444444', '1990-08-07', 32, 0, '979797975', 'ssss@gmail.com', 4, 'Hermano(a)', 11, 'Viudo(a)', 17, 'Sec.Completa', 24, 'EPS', 2, 1, '2023-07-07 17:14:17', NULL),
(21, 3, 0, 'fffff', 'gggg', 'n', '22222222', '2023-07-07', 30, 1, '333333333', 'neil8928@gmail.com', 4, 'Hermano(a)', 11, 'Viudo(a)', 15, 'Prim.Completa', 22, 'SIS', 0, 1, '2023-07-07 17:42:56', NULL),
(22, 3, 0, 'hhhh', 'hhhhh', 'hhhh', '444444444444', '2023-07-07', 67, 0, '55555555', 'neil8928@gmail.com', 1, 'Padre', 11, 'Viudo(a)', 16, 'Prim.Incompleta', 22, 'SIS', 5, 1, '2023-07-07 17:57:23', NULL),
(23, 4, 0, 'n', 'chivito', 'nsadj', '4564654654', '2014-02-28', 9, 0, '65465465', 'neil8928@gmail.com', 3, 'Hijo(a)', 10, 'Casado(a)', 16, 'Prim.Incompleta', 25, 'SSP', 0, 0, '2023-07-07 21:26:34', '2023-07-07 09:30:31'),
(24, 4, 0, 'n', 'sadas', 'n', '123123', '2023-07-05', 30, 0, '123123', 'neil8928@gmail.com', 2, 'Madre', 9, 'Conviviente', 20, 'Sup.No Univers.', 24, 'EPS', 0, 0, '2023-07-07 21:26:34', '2023-07-07 09:30:31'),
(25, 4, 0, 'neeeee', 'asdsd4444', 'n55555', '23423423', '2023-07-05', 3, 1, '234234234', 'neil8928@gmail.com', 3, 'Hijo(a)', 8, 'Soltero(a)', 14, 'Ninguno', 22, 'SIS', 0, 0, '2023-07-07 21:26:34', '2023-07-07 09:30:31'),
(26, 4, 0, 'viviana', 'vsss', 'sollis', '33333344444', '2002-07-05', 21, 1, '2234324', 'neil8928@gmail.com', 4, 'Hermano(a)', 11, 'Viudo(a)', 15, 'Prim.Completa', 25, 'SSP', 0, 0, '2023-07-07 21:26:34', '2023-07-07 09:30:31'),
(27, 4, 0, 'yovana', 'cieza', 'paredes', '3333333', '2001-07-06', 22, 0, '4444444', 'neil8928@gmail.com', 3, 'Hijo(a)', 10, 'Casado(a)', 17, 'Sec.Completa', 22, 'SIS', 0, 0, '2023-07-07 21:26:34', '2023-07-07 09:30:31'),
(28, 4, 0, 'neil', 'vigil', 'guevara', '45454545', '1989-06-28', 34, 0, '979797975', 'neil8928@gmail.com', 3, 'Hijo(a)', 9, 'Conviviente', 19, 'Sup.Univers.', 23, 'ESSALUD', 0, 1, '2023-07-07 21:30:31', NULL),
(29, 4, 0, 'ebelin', 'tesen', 'ramires', '46464646', '1990-01-01', 33, 0, '979797978', 'neil8928@gmail.com', 3, 'Hijo(a)', 9, 'Conviviente', 20, 'Sup.No Univers.', 22, 'SIS', 0, 1, '2023-07-07 21:30:31', NULL),
(30, 4, 0, 'helen', 'vigil', 'guevara', '66666666', '2001-07-06', 22, 0, '979797976', 'neil8928@gmail.com', 3, 'Hijo(a)', 8, 'Soltero(a)', 19, 'Sup.Univers.', 22, 'SIS', 0, 1, '2023-07-07 21:30:31', NULL),
(31, 4, 0, 'kkk', 'lllll', 'mmmm', '47474747', '2010-07-07', 13, 1, '979797971', 'neil8928@gmail.com', 3, 'Hijo(a)', 8, 'Soltero(a)', 15, 'Prim.Completa', 23, 'ESSALUD', 0, 1, '2023-07-07 21:30:31', NULL),
(32, 4, 0, 'isabel', 'catolica', 'burquesa', '74747474', '2010-07-06', 13, 1, '979797974', 'isabel@gmail.com', 6, 'Primo(a)', 8, 'Soltero(a)', 18, 'Sec.Incompleta', 22, 'SIS', 0, 1, '2023-07-07 21:30:31', NULL),
(33, 4, 0, 'bianca', 'marce', 'chuque', '78787878', '2000-07-06', 23, 1, '979797978', 'bmarce@gmail.com', 4, 'Hermano(a)', 9, 'Conviviente', 15, 'Prim.Completa', 22, 'SIS', 0, 1, '2023-07-07 21:30:31', NULL),
(34, 4, 0, 'blanca', 'flor', 'ciguieñas', '71717171', '1989-07-07', 34, 1, '979797977', 'blancaflor@gmail.com', 4, 'Hermano(a)', 11, 'Viudo(a)', 17, 'Sec.Completa', 22, 'SIS', 0, 1, '2023-07-07 21:30:31', NULL),
(35, 4, 0, 'frank', 'chivita', 'saldaña', '33333333', '1988-08-06', 34, 1, '979797973', 'chivita@gmail.com', 2, 'Madre', 11, 'Viudo(a)', 19, 'Sup.Univers.', 23, 'ESSALUD', 0, 1, '2023-07-07 21:30:31', NULL),
(36, 1, 0, 'nn', 'll', 'kk', '47484947', '2001-07-09', 22, 1, '33333333333', 'neil8928@gmail.com', 4, 'Hermano(a)', 9, 'Conviviente', 15, 'Prim.Completa', 22, 'SIS', 6, 1, '2023-07-09 11:37:17', NULL),
(37, 12, 0, 'n', 'chivito', 'nsadj', '4564654654', '2014-02-28', 9, 0, '65465465', 'neil8928@gmail.com', 3, 'Hijo(a)', 10, 'Casado(a)', 16, 'Prim.Incompleta', 25, 'SSP', 0, 1, '2023-07-10 20:03:00', NULL),
(38, 12, 0, 'n', 'sadas', 'n', '123123', '2023-07-05', 30, 0, '123123', 'neil8928@gmail.com', 2, 'Madre', 9, 'Conviviente', 20, 'Sup.No Univers.', 24, 'EPS', 0, 1, '2023-07-10 20:03:00', NULL),
(39, 12, 0, 'neeeee', 'asdsd4444', 'n55555', '23423423', '2023-07-05', 3, 1, '234234234', 'neil8928@gmail.com', 3, 'Hijo(a)', 8, 'Soltero(a)', 14, 'Ninguno', 22, 'SIS', 0, 1, '2023-07-10 20:03:00', NULL),
(40, 12, 0, 'viviana', 'vsss', 'sollis', '33333344444', '2002-07-05', 21, 1, '2234324', 'neil8928@gmail.com', 4, 'Hermano(a)', 11, 'Viudo(a)', 15, 'Prim.Completa', 25, 'SSP', 0, 1, '2023-07-10 20:03:00', NULL),
(41, 12, 0, 'yovana', 'cieza', 'paredes', '3333333', '2001-07-06', 22, 0, '4444444', 'neil8928@gmail.com', 3, 'Hijo(a)', 10, 'Casado(a)', 17, 'Sec.Completa', 22, 'SIS', 0, 1, '2023-07-10 20:03:00', NULL),
(42, 12, 0, 'nn', 'll', 'kk', '47484947', '2001-07-09', 22, 1, '33333333333', 'neil8928@gmail.com', 4, 'Hermano(a)', 9, 'Conviviente', 15, 'Prim.Completa', 22, 'SIS', 0, 1, '2023-07-10 20:03:00', NULL),
(43, 16, 0, 'ebelin', 'tesen', 'ramires', '46464646', '1990-01-01', 33, 0, '979797978', 'neil8928@gmail.com', 3, 'Hijo(a)', 9, 'Conviviente', 20, 'Sup.No Univers.', 22, 'SIS', 0, 1, '2023-07-10 20:39:47', NULL),
(44, 16, 0, 'helen', 'vigil', 'guevara', '66666666', '2001-07-06', 22, 0, '979797976', 'neil8928@gmail.com', 3, 'Hijo(a)', 8, 'Soltero(a)', 19, 'Sup.Univers.', 22, 'SIS', 0, 1, '2023-07-10 20:39:47', NULL),
(45, 16, 0, 'kkk', 'lllll', 'mmmm', '47474747', '2010-07-07', 13, 1, '979797971', 'neil8928@gmail.com', 3, 'Hijo(a)', 8, 'Soltero(a)', 15, 'Prim.Completa', 23, 'ESSALUD', 0, 1, '2023-07-10 20:39:47', NULL),
(46, 16, 0, 'isabel', 'catolica', 'burquesa', '74747474', '2010-07-06', 13, 1, '979797974', 'isabel@gmail.com', 6, 'Primo(a)', 8, 'Soltero(a)', 18, 'Sec.Incompleta', 22, 'SIS', 0, 1, '2023-07-10 20:39:47', NULL),
(47, 16, 0, 'bianca', 'marce', 'chuque', '78787878', '2000-07-06', 23, 1, '979797978', 'bmarce@gmail.com', 4, 'Hermano(a)', 9, 'Conviviente', 15, 'Prim.Completa', 22, 'SIS', 0, 1, '2023-07-10 20:39:47', NULL),
(48, 16, 0, 'blanca', 'flor', 'ciguieñas', '71717171', '1989-07-07', 34, 1, '979797977', 'blancaflor@gmail.com', 4, 'Hermano(a)', 11, 'Viudo(a)', 17, 'Sec.Completa', 22, 'SIS', 0, 1, '2023-07-10 20:39:47', NULL),
(49, 18, 0, 'n', 'chivito', 'nsadj', '4564654654', '2014-02-28', 9, 0, '65465465', 'neil8928@gmail.com', 3, 'Hijo(a)', 10, 'Casado(a)', 16, 'Prim.Incompleta', 25, 'SSP', 0, 1, '2023-07-11 14:07:02', NULL),
(50, 18, 0, 'n', 'sadas', 'n', '123123', '2023-07-05', 30, 0, '123123', 'neil8928@gmail.com', 2, 'Madre', 9, 'Conviviente', 20, 'Sup.No Univers.', 24, 'EPS', 0, 1, '2023-07-11 14:07:02', NULL),
(51, 18, 0, 'neeeee', 'asdsd4444', 'n55555', '23423423', '2023-07-05', 3, 1, '234234234', 'neil8928@gmail.com', 3, 'Hijo(a)', 8, 'Soltero(a)', 14, 'Ninguno', 22, 'SIS', 0, 1, '2023-07-11 14:07:02', NULL),
(52, 18, 0, 'viviana', 'vsss', 'sollis', '33333344444', '2002-07-05', 21, 1, '2234324', 'neil8928@gmail.com', 4, 'Hermano(a)', 11, 'Viudo(a)', 15, 'Prim.Completa', 25, 'SSP', 0, 1, '2023-07-11 14:07:02', NULL),
(53, 18, 0, 'yovana', 'cieza', 'paredes', '3333333', '2001-07-06', 22, 0, '4444444', 'neil8928@gmail.com', 3, 'Hijo(a)', 10, 'Casado(a)', 17, 'Sec.Completa', 22, 'SIS', 0, 0, '2023-07-11 14:07:02', '2023-07-11 14:15:17'),
(54, 18, 0, 'nn', 'll', 'kk', '47484947', '2001-07-09', 22, 1, '33333333333', 'neil8928@gmail.com', 4, 'Hermano(a)', 9, 'Conviviente', 15, 'Prim.Completa', 22, 'SIS', 0, 1, '2023-07-11 14:07:02', NULL),
(55, 20, 0, 'n', 'chivito', 'nsadj', '4564654654', '2014-02-28', 9, 0, '65465465', 'neil8928@gmail.com', 3, 'Hijo(a)', 10, 'Casado(a)', 16, 'Prim.Incompleta', 25, 'SSP', 0, 1, '2023-07-11 14:56:48', NULL),
(56, 20, 0, 'n', 'sadas', 'n', '123123', '2023-07-05', 30, 0, '123123', 'neil8928@gmail.com', 2, 'Madre', 9, 'Conviviente', 20, 'Sup.No Univers.', 24, 'EPS', 0, 1, '2023-07-11 14:56:48', NULL),
(57, 20, 0, 'neeeee', 'asdsd4444', 'n55555', '23423423', '2023-07-05', 3, 1, '234234234', 'neil8928@gmail.com', 3, 'Hijo(a)', 8, 'Soltero(a)', 14, 'Ninguno', 22, 'SIS', 0, 1, '2023-07-11 14:56:48', NULL),
(58, 20, 0, 'viviana', 'vsss', 'sollis', '33333344444', '2002-07-05', 21, 1, '2234324', 'neil8928@gmail.com', 4, 'Hermano(a)', 11, 'Viudo(a)', 15, 'Prim.Completa', 25, 'SSP', 0, 1, '2023-07-11 14:56:48', NULL),
(59, 20, 0, 'nn', 'll', 'kk', '47484947', '2001-07-09', 22, 1, '33333333333', 'neil8928@gmail.com', 4, 'Hermano(a)', 9, 'Conviviente', 15, 'Prim.Completa', 22, 'SIS', 0, 1, '2023-07-11 14:56:48', NULL),
(60, 21, 0, 'ebelin', 'tesen', 'ramires', '46464646', '1990-01-01', 33, 0, '979797978', 'neil8928@gmail.com', 3, 'Hijo(a)', 9, 'Conviviente', 20, 'Sup.No Univers.', 22, 'SIS', 0, 1, '2023-07-11 15:07:30', NULL),
(61, 21, 0, 'helen', 'vigil', 'guevara', '66666666', '2001-07-06', 22, 0, '979797976', 'neil8928@gmail.com', 3, 'Hijo(a)', 8, 'Soltero(a)', 19, 'Sup.Univers.', 22, 'SIS', 0, 1, '2023-07-11 15:07:30', NULL),
(62, 21, 0, 'kkk', 'lllll', 'mmmm', '47474747', '2010-07-07', 13, 1, '979797971', 'neil8928@gmail.com', 3, 'Hijo(a)', 8, 'Soltero(a)', 15, 'Prim.Completa', 23, 'ESSALUD', 0, 1, '2023-07-11 15:07:30', NULL),
(63, 21, 0, 'isabel', 'catolica', 'burquesa', '74747474', '2010-07-06', 13, 1, '979797974', 'isabel@gmail.com', 6, 'Primo(a)', 8, 'Soltero(a)', 18, 'Sec.Incompleta', 22, 'SIS', 0, 1, '2023-07-11 15:07:30', NULL),
(64, 21, 0, 'bianca', 'marce', 'chuque', '78787878', '2000-07-06', 23, 1, '979797978', 'bmarce@gmail.com', 4, 'Hermano(a)', 9, 'Conviviente', 15, 'Prim.Completa', 22, 'SIS', 0, 1, '2023-07-11 15:07:30', NULL),
(65, 21, 0, 'blanca', 'flor', 'ciguieñas', '71717171', '1989-07-07', 34, 1, '979797977', 'blancaflor@gmail.com', 4, 'Hermano(a)', 11, 'Viudo(a)', 17, 'Sec.Completa', 22, 'SIS', 0, 1, '2023-07-11 15:07:30', NULL),
(66, 22, 0, 'n', 'chivito', 'nsadj', '4564654654', '2014-02-28', 9, 0, '65465465', 'neil8928@gmail.com', 3, 'Hijo(a)', 10, 'Casado(a)', 16, 'Prim.Incompleta', 25, 'SSP', 0, 1, '2023-07-12 16:41:03', NULL),
(67, 22, 0, 'n', 'sadas', 'n', '123123', '2023-07-05', 30, 0, '123123', 'neil8928@gmail.com', 2, 'Madre', 9, 'Conviviente', 20, 'Sup.No Univers.', 24, 'EPS', 0, 1, '2023-07-12 16:41:03', NULL),
(68, 22, 0, 'neeeee', 'asdsd4444', 'n55555', '23423423', '2023-07-05', 3, 1, '234234234', 'neil8928@gmail.com', 3, 'Hijo(a)', 8, 'Soltero(a)', 14, 'Ninguno', 22, 'SIS', 0, 1, '2023-07-12 16:41:03', NULL),
(69, 22, 0, 'viviana', 'vsss', 'sollis', '33333344444', '2002-07-05', 21, 1, '2234324', 'neil8928@gmail.com', 4, 'Hermano(a)', 11, 'Viudo(a)', 15, 'Prim.Completa', 25, 'SSP', 0, 1, '2023-07-12 16:41:03', NULL),
(70, 22, 0, 'nn', 'll', 'kk', '47484947', '2001-07-09', 22, 1, '33333333333', 'neil8928@gmail.com', 4, 'Hermano(a)', 9, 'Conviviente', 15, 'Prim.Completa', 22, 'SIS', 0, 1, '2023-07-12 16:41:03', NULL),
(71, 25, 0, 'n', 'chivito', 'nsadj', '4564654654', '2014-02-28', 9, 0, '65465465', 'neil8928@gmail.com', 3, 'Hijo(a)', 10, 'Casado(a)', 16, 'Prim.Incompleta', 25, 'SSP', 0, 1, '2023-07-15 20:41:44', NULL),
(72, 25, 0, 'n', 'sadas', 'n', '123123', '2023-07-05', 30, 0, '123123', 'neil8928@gmail.com', 2, 'Madre', 9, 'Conviviente', 20, 'Sup.No Univers.', 24, 'EPS', 0, 1, '2023-07-15 20:41:44', NULL),
(73, 25, 0, 'neeeee', 'asdsd4444', 'n55555', '23423423', '2023-07-05', 3, 1, '234234234', 'neil8928@gmail.com', 3, 'Hijo(a)', 8, 'Soltero(a)', 14, 'Ninguno', 22, 'SIS', 0, 1, '2023-07-15 20:41:44', NULL),
(74, 25, 0, 'viviana', 'vsss', 'sollis', '33333344444', '2002-07-05', 21, 1, '2234324', 'neil8928@gmail.com', 4, 'Hermano(a)', 11, 'Viudo(a)', 15, 'Prim.Completa', 25, 'SSP', 0, 1, '2023-07-15 20:41:44', NULL),
(75, 25, 0, 'nn', 'll', 'kk', '47484947', '2001-07-09', 22, 1, '33333333333', 'neil8928@gmail.com', 4, 'Hermano(a)', 9, 'Conviviente', 15, 'Prim.Completa', 22, 'SIS', 0, 1, '2023-07-15 20:41:44', NULL);

-- --------------------------------------------------------

--
-- Estructura de tabla para la tabla `fichasocioeconomica`
--

DROP TABLE IF EXISTS `fichasocioeconomica`;
CREATE TABLE IF NOT EXISTS `fichasocioeconomica` (
  `id` int(11) NOT NULL AUTO_INCREMENT,
  `codigo` varchar(20) NOT NULL,
  `fecha` date NOT NULL,
  `fechapreaprobacion` date DEFAULT NULL,
  `fechaaprobacion` date DEFAULT NULL,
  `encuestador_id` int(11) NOT NULL,
  `departamento_id` int(11) DEFAULT NULL,
  `provincia_id` int(11) DEFAULT NULL,
  `distrito_id` int(11) DEFAULT NULL,
  `centropoblado` varchar(200) DEFAULT NULL,
  `direccion` varchar(800) DEFAULT NULL,
  `diagnostico` varchar(800) DEFAULT NULL,
  `conclusiones` varchar(800) DEFAULT NULL,
  `estado_id` int(11) NOT NULL,
  `activo` smallint(6) NOT NULL DEFAULT '1',
  `created_at` timestamp NULL DEFAULT CURRENT_TIMESTAMP,
  `updated_at` timestamp NULL DEFAULT NULL,
  `tenenciavivienda_id` int(11) DEFAULT NULL,
  `acreditepropiedadvivienda_id` int(11) DEFAULT NULL,
  `numeropisosvivienda` smallint(6) DEFAULT '0',
  `numeroambientevivienda` smallint(6) DEFAULT '0',
  `materialparedesvivienda_id` int(11) DEFAULT NULL,
  `materialtechosvivienda_id` int(11) DEFAULT NULL,
  `materialpisosvivienda_id` int(11) DEFAULT NULL,
  `alumbradopublicovivienda` varchar(10) DEFAULT NULL,
  `cfhabandono` varchar(1000) DEFAULT NULL,
  `cfhpensionalimenticia` varchar(1000) DEFAULT NULL,
  `cfhdenunciapension` varchar(1000) DEFAULT NULL,
  `cfhdenunciamaltrato` varchar(1000) DEFAULT NULL,
  `cfamabandono` varchar(1000) DEFAULT NULL,
  `cfampensionalimenticia` varchar(1000) DEFAULT NULL,
  `cfamdenunciapension` varchar(1000) DEFAULT NULL,
  `cfamdenunciamaltrato` varchar(1000) DEFAULT NULL,
  `otrosbienes` varchar(1000) DEFAULT NULL,
  `permanencia_id` int(11) DEFAULT NULL,
  `fechainicio` date DEFAULT NULL,
  `fechafin` date DEFAULT NULL,
  `anios` int(11) DEFAULT '0',
  `meses` int(11) DEFAULT '0',
  `dias` int(11) DEFAULT NULL,
  PRIMARY KEY (`id`)
) ENGINE=MyISAM AUTO_INCREMENT=26 DEFAULT CHARSET=latin1;

--
-- Volcado de datos para la tabla `fichasocioeconomica`
--

INSERT INTO `fichasocioeconomica` (`id`, `codigo`, `fecha`, `fechapreaprobacion`, `fechaaprobacion`, `encuestador_id`, `departamento_id`, `provincia_id`, `distrito_id`, `centropoblado`, `direccion`, `diagnostico`, `conclusiones`, `estado_id`, `activo`, `created_at`, `updated_at`, `tenenciavivienda_id`, `acreditepropiedadvivienda_id`, `numeropisosvivienda`, `numeroambientevivienda`, `materialparedesvivienda_id`, `materialtechosvivienda_id`, `materialpisosvivienda_id`, `alumbradopublicovivienda`, `cfhabandono`, `cfhpensionalimenticia`, `cfhdenunciapension`, `cfhdenunciamaltrato`, `cfamabandono`, `cfampensionalimenticia`, `cfamdenunciapension`, `cfamdenunciamaltrato`, `otrosbienes`, `permanencia_id`, `fechainicio`, `fechafin`, `anios`, `meses`, `dias`) VALUES
(1, '000000000001', '2023-06-23', NULL, NULL, 1, 13, 126, 1232, 'asdasd', 'chocope chiquito', 'diagnostico prueba', 'conclusion prueba', 6, 1, '2023-06-23 18:44:49', '2023-07-10 06:08:54', 48, 52, 1, 2, NULL, NULL, NULL, NULL, NULL, NULL, NULL, NULL, NULL, NULL, 'si', 'si', 'asdasdasd', NULL, NULL, NULL, 0, 0, NULL),
(2, '000000000002', '2023-07-06', NULL, NULL, 1, NULL, NULL, NULL, NULL, NULL, NULL, NULL, 6, 1, '2023-07-06 05:28:42', '2023-07-11 15:07:30', NULL, NULL, 0, 0, NULL, NULL, NULL, NULL, NULL, NULL, NULL, NULL, NULL, NULL, NULL, NULL, NULL, NULL, NULL, NULL, 0, 0, NULL),
(3, '000000000003', '2023-07-06', NULL, NULL, 1, NULL, NULL, NULL, NULL, NULL, NULL, NULL, 6, 1, '2023-07-07 03:21:52', '2023-07-10 17:11:43', NULL, NULL, 0, 0, NULL, NULL, NULL, NULL, NULL, NULL, NULL, NULL, NULL, NULL, NULL, NULL, NULL, NULL, NULL, NULL, 0, 0, NULL),
(4, '000000000004', '2023-07-07', NULL, NULL, 1, NULL, NULL, NULL, NULL, NULL, 'hhhhhhh', 'hhhhhhhhhhhh', 6, 1, '2023-07-07 06:03:34', '2023-07-10 16:51:48', NULL, NULL, 0, 0, NULL, NULL, NULL, NULL, NULL, NULL, NULL, NULL, NULL, NULL, NULL, NULL, NULL, NULL, NULL, NULL, 0, 0, NULL),
(5, '000000000005', '2023-07-07', NULL, NULL, 1, 13, 124, 1206, 'ffff', 'ffffffffffffff', NULL, NULL, 1, 0, '2023-07-07 06:05:37', '2023-07-10 15:18:41', NULL, NULL, 0, 0, NULL, NULL, NULL, NULL, NULL, NULL, NULL, NULL, NULL, NULL, NULL, NULL, NULL, NULL, NULL, NULL, 0, 0, NULL),
(6, '000000000006', '2023-07-10', NULL, NULL, 1, NULL, NULL, NULL, NULL, NULL, NULL, NULL, 1, 0, '2023-07-10 14:08:42', '2023-07-10 15:18:26', NULL, NULL, 0, 0, NULL, NULL, NULL, NULL, NULL, NULL, NULL, NULL, NULL, NULL, NULL, NULL, NULL, NULL, NULL, NULL, 0, 0, NULL),
(7, '000000000007', '2023-07-10', NULL, NULL, 1, NULL, NULL, NULL, NULL, NULL, NULL, NULL, 1, 0, '2023-07-10 16:14:25', '2023-07-10 16:14:35', NULL, NULL, 0, 0, NULL, NULL, NULL, NULL, NULL, NULL, NULL, NULL, NULL, NULL, NULL, NULL, NULL, NULL, NULL, NULL, 0, 0, NULL),
(8, '000000000008', '2023-07-10', NULL, NULL, 1, NULL, NULL, NULL, NULL, NULL, NULL, NULL, 1, 0, '2023-07-10 16:41:42', '2023-07-10 06:11:19', NULL, NULL, 0, 0, NULL, NULL, NULL, NULL, NULL, NULL, NULL, NULL, NULL, NULL, NULL, NULL, NULL, NULL, NULL, NULL, 0, 0, NULL),
(9, '000000000009', '2023-07-10', NULL, NULL, 1, NULL, NULL, NULL, NULL, NULL, NULL, NULL, 6, 1, '2023-07-10 18:11:21', '2023-07-10 08:57:55', NULL, NULL, 0, 0, NULL, NULL, NULL, NULL, NULL, NULL, NULL, NULL, NULL, NULL, NULL, NULL, NULL, NULL, NULL, NULL, 0, 0, NULL),
(10, '000000000010', '2023-07-10', NULL, NULL, 1, NULL, NULL, NULL, NULL, NULL, NULL, NULL, 1, 0, '2023-07-10 18:11:24', '2023-07-15 22:55:44', NULL, NULL, 0, 0, NULL, NULL, NULL, NULL, NULL, NULL, NULL, NULL, NULL, NULL, NULL, NULL, NULL, NULL, NULL, NULL, 0, 0, NULL),
(11, '000000000011', '2023-07-10', NULL, NULL, 1, NULL, NULL, NULL, NULL, NULL, NULL, NULL, 1, 0, '2023-07-10 18:14:28', '2023-07-12 16:40:52', NULL, NULL, 0, 0, NULL, NULL, NULL, NULL, NULL, NULL, NULL, NULL, NULL, NULL, NULL, NULL, NULL, NULL, NULL, NULL, 0, 0, NULL),
(12, '000000000012', '2023-07-10', NULL, NULL, 1, 13, 126, 1232, 'asdasd', 'chocope chiquito', NULL, NULL, 1, 0, '2023-07-10 20:03:00', '2023-07-15 22:55:59', 48, 52, 0, 2, NULL, NULL, NULL, NULL, NULL, NULL, NULL, NULL, NULL, NULL, 'si', 'si', 'asdasdasd', NULL, NULL, NULL, 0, 0, NULL),
(13, '000000000013', '1969-12-31', '2023-07-15', NULL, 1, NULL, NULL, NULL, NULL, NULL, NULL, NULL, 2, 1, '2023-07-10 20:05:00', '2023-07-15 23:09:43', NULL, NULL, 0, 0, NULL, NULL, NULL, NULL, NULL, NULL, NULL, NULL, NULL, NULL, NULL, NULL, NULL, NULL, NULL, NULL, 0, 0, NULL),
(14, '000000000014', '2023-05-29', '2023-07-15', '2023-07-15', 1, NULL, NULL, NULL, NULL, NULL, NULL, NULL, 5, 1, '2023-07-10 20:05:50', '2023-07-15 23:07:32', NULL, NULL, 0, 0, NULL, NULL, NULL, NULL, NULL, NULL, NULL, NULL, NULL, NULL, NULL, NULL, NULL, NULL, NULL, '2024-07-01', 0, 0, NULL),
(15, '000000000015', '2023-06-26', NULL, NULL, 1, NULL, NULL, NULL, NULL, NULL, NULL, NULL, 1, 1, '2023-07-10 20:06:01', '2023-07-15 22:57:58', NULL, NULL, 0, 0, NULL, NULL, NULL, NULL, NULL, NULL, NULL, NULL, NULL, NULL, NULL, NULL, NULL, NULL, NULL, NULL, 0, 0, NULL),
(16, '000000000016', '2023-07-01', NULL, NULL, 1, NULL, NULL, NULL, NULL, NULL, NULL, NULL, 1, 1, '2023-07-10 20:39:47', '2023-07-15 20:45:10', NULL, NULL, 0, 0, NULL, NULL, NULL, NULL, NULL, NULL, NULL, NULL, NULL, NULL, NULL, NULL, NULL, NULL, NULL, NULL, 0, 0, NULL),
(17, '000000000017', '1969-12-31', NULL, NULL, 1, NULL, NULL, NULL, NULL, NULL, NULL, NULL, 1, 1, '2023-07-10 23:58:37', NULL, NULL, NULL, 0, 0, NULL, NULL, NULL, NULL, NULL, NULL, NULL, NULL, NULL, NULL, NULL, NULL, NULL, NULL, NULL, NULL, 0, 0, NULL),
(18, '000000000018', '2023-07-01', NULL, '2023-07-15', 1, 13, 126, 1232, 'asdasd', 'chocope chiquito fffff', NULL, NULL, 6, 1, '2023-07-11 14:07:02', '2023-07-15 20:41:44', 48, 52, 0, 2, NULL, NULL, NULL, NULL, NULL, NULL, NULL, NULL, NULL, NULL, 'si', 'si', 'asdasdasd', NULL, NULL, NULL, 0, 0, NULL),
(19, '000000000019', '1969-12-31', NULL, NULL, 1, NULL, NULL, NULL, NULL, NULL, NULL, NULL, 1, 1, '2023-07-11 14:49:12', NULL, NULL, NULL, 0, 0, NULL, NULL, NULL, NULL, NULL, NULL, NULL, NULL, NULL, NULL, NULL, NULL, NULL, NULL, NULL, NULL, 0, 0, NULL),
(20, '000000000020', '1969-12-31', '2023-07-16', NULL, 1, 13, 126, 1232, 'asdasd', 'chocope chiquito fffff', NULL, NULL, 2, 1, '2023-07-11 14:56:48', '2023-07-16 15:33:37', 48, 52, 0, 2, NULL, NULL, NULL, NULL, NULL, NULL, NULL, NULL, NULL, NULL, 'si', 'si', 'asdasdasd', NULL, NULL, NULL, 0, 0, NULL),
(21, '000000000021', '1969-12-31', NULL, NULL, 1, NULL, NULL, NULL, NULL, NULL, NULL, NULL, 1, 0, '2023-07-11 15:07:30', '2023-07-15 22:52:03', NULL, NULL, 0, 0, NULL, NULL, NULL, NULL, NULL, NULL, NULL, NULL, NULL, NULL, NULL, NULL, NULL, NULL, NULL, NULL, 0, 0, NULL),
(22, '000000000022', '2023-07-12', NULL, NULL, 1, 13, 126, 1232, 'asdasd', 'chocope chiquito fffff', NULL, NULL, 1, 0, '2023-07-12 16:41:03', '2023-07-15 22:51:24', 48, 52, 0, 2, NULL, NULL, NULL, NULL, NULL, NULL, NULL, NULL, NULL, NULL, 'si', 'si', 'asdasdasd', NULL, NULL, NULL, 0, 0, NULL),
(23, '000000000023', '2023-07-01', '2023-07-01', '2023-07-15', 1, 13, 124, 1205, 'HHHH', 'HHHH', NULL, NULL, 5, 1, '2023-07-15 17:45:40', '2023-07-15 20:30:06', NULL, NULL, 0, 0, NULL, NULL, NULL, NULL, NULL, NULL, NULL, NULL, NULL, NULL, NULL, NULL, NULL, NULL, NULL, '2023-07-28', 0, 0, NULL),
(24, '000000000024', '2023-07-05', NULL, '2023-07-16', 1, NULL, NULL, NULL, NULL, NULL, NULL, NULL, 5, 1, '2023-07-15 18:14:05', '2023-07-15 20:29:14', NULL, NULL, 0, 0, NULL, NULL, NULL, NULL, NULL, NULL, NULL, NULL, NULL, NULL, NULL, NULL, NULL, NULL, NULL, '2023-09-15', 0, 0, NULL),
(25, '000000000025', '1969-12-31', NULL, NULL, 1, 13, 126, 1232, 'asdasd', 'chocope chiquito fffff', NULL, NULL, 1, 0, '2023-07-15 20:41:44', '2023-07-15 20:43:32', 48, 52, 0, 2, NULL, NULL, NULL, NULL, NULL, NULL, NULL, NULL, NULL, NULL, 'si', 'si', 'asdasdasd', NULL, NULL, NULL, 0, 0, NULL);

-- --------------------------------------------------------

--
-- Estructura de tabla para la tabla `grupoopciones`
--

DROP TABLE IF EXISTS `grupoopciones`;
CREATE TABLE IF NOT EXISTS `grupoopciones` (
  `id` int(10) UNSIGNED NOT NULL AUTO_INCREMENT,
  `nombre` varchar(100) COLLATE utf8mb4_unicode_ci NOT NULL,
  `icono` varchar(100) COLLATE utf8mb4_unicode_ci NOT NULL,
  `orden` int(11) NOT NULL,
  `activo` tinyint(1) NOT NULL DEFAULT '1',
  `created_at` timestamp NULL DEFAULT CURRENT_TIMESTAMP,
  `updated_at` timestamp NULL DEFAULT NULL,
  PRIMARY KEY (`id`)
) ENGINE=MyISAM AUTO_INCREMENT=7 DEFAULT CHARSET=utf8mb4 COLLATE=utf8mb4_unicode_ci;

--
-- Volcado de datos para la tabla `grupoopciones`
--

INSERT INTO `grupoopciones` (`id`, `nombre`, `icono`, `orden`, `activo`, `created_at`, `updated_at`) VALUES
(1, 'Usuarios', 'mdi-accounts-alt', 1, 1, '2020-09-24 17:47:55', '2020-09-24 17:47:55'),
(2, 'Mantenimiento', 'fa fa-cog', 2, 1, '2020-09-24 17:47:55', '2020-09-24 17:47:55'),
(3, 'Ficha Socioeconomica', 'mdi-chart', 3, 1, '2020-09-24 17:47:55', NULL),
(4, 'Categoria', 'fa fa-cog', 4, 1, '2023-07-05 21:37:16', NULL),
(5, 'Permanencia', 'mdi-time', 5, 1, '2023-07-16 15:27:39', NULL),
(6, 'Reportes', 'mdi-chart', 6, 1, '2023-07-16 15:27:54', NULL);

-- --------------------------------------------------------

--
-- Estructura de tabla para la tabla `historialficha`
--

DROP TABLE IF EXISTS `historialficha`;
CREATE TABLE IF NOT EXISTS `historialficha` (
  `id` int(11) NOT NULL AUTO_INCREMENT,
  `ficha_id` int(11) NOT NULL,
  `fechainicio` date NOT NULL,
  `fechafin` date NOT NULL,
  `vigencia` int(11) NOT NULL DEFAULT '1',
  `activo` int(11) NOT NULL DEFAULT '1',
  `usercrea` int(11) NOT NULL,
  `fechacrea` timestamp NOT NULL DEFAULT CURRENT_TIMESTAMP,
  `usermod` int(11) DEFAULT NULL,
  `fechamod` date DEFAULT NULL,
  `created_at` timestamp NOT NULL DEFAULT CURRENT_TIMESTAMP,
  `updated_at` timestamp NULL DEFAULT NULL,
  PRIMARY KEY (`id`)
) ENGINE=MyISAM AUTO_INCREMENT=15 DEFAULT CHARSET=latin1;

--
-- Volcado de datos para la tabla `historialficha`
--

INSERT INTO `historialficha` (`id`, `ficha_id`, `fechainicio`, `fechafin`, `vigencia`, `activo`, `usercrea`, `fechacrea`, `usermod`, `fechamod`, `created_at`, `updated_at`) VALUES
(1, 4, '2023-07-10', '2023-07-10', 0, 1, 1, '2023-07-10 16:05:35', 1, '2023-07-10', '2023-07-10 16:05:35', '2023-07-10 16:06:49'),
(2, 4, '2023-07-10', '2023-07-10', 0, 1, 1, '2023-07-10 16:06:49', 1, '2023-07-10', '2023-07-10 16:06:49', '2023-07-10 16:09:58'),
(3, 3, '2023-07-10', '2023-07-10', 0, 1, 1, '2023-07-10 16:10:43', 1, '2023-07-10', '2023-07-10 16:10:43', '2023-07-10 17:11:43'),
(4, 1, '2023-07-10', '2023-07-10', 0, 1, 1, '2023-07-10 16:14:24', 1, '2023-07-10', '2023-07-10 16:14:24', '2023-07-10 18:08:54'),
(5, 2, '2023-07-10', '1969-12-31', 0, 1, 1, '2023-07-10 18:08:22', 1, '2023-07-11', '2023-07-10 18:08:22', '2023-07-11 15:07:30'),
(6, 9, '2023-07-10', '2023-07-10', 0, 1, 1, '2023-07-10 20:06:10', 1, '2023-07-10', '2023-07-10 20:06:10', '2023-07-10 20:57:55'),
(7, 12, '2023-07-10', '1901-01-01', 1, 1, 1, '2023-07-10 20:06:26', NULL, NULL, '2023-07-10 20:06:26', '2023-07-10 20:06:26'),
(8, 15, '2023-07-10', '1901-01-01', 1, 1, 1, '2023-07-10 20:45:01', NULL, NULL, '2023-07-10 20:45:01', NULL),
(9, 14, '2023-07-01', '2023-07-15', 0, 1, 1, '2023-07-10 20:45:33', 1, '2023-07-15', '2023-07-10 20:45:33', '2023-07-15 23:07:32'),
(10, 18, '2023-07-05', '2023-07-15', 0, 1, 1, '2023-07-11 14:21:05', 1, '2023-07-15', '2023-07-11 14:21:05', '2023-07-15 20:40:42'),
(11, 24, '2023-07-16', '1901-01-01', 1, 1, 1, '2023-07-15 20:29:14', NULL, NULL, '2023-07-15 20:29:14', NULL),
(12, 23, '2023-07-15', '1901-01-01', 1, 1, 1, '2023-07-15 20:30:06', NULL, NULL, '2023-07-15 20:30:06', NULL),
(13, 18, '2023-07-15', '1969-12-31', 0, 1, 1, '2023-07-15 20:40:42', 1, '2023-07-15', '2023-07-15 20:40:42', '2023-07-15 20:41:44'),
(14, 14, '2023-07-15', '1901-01-01', 1, 1, 1, '2023-07-15 23:07:32', NULL, NULL, '2023-07-15 23:07:32', NULL);

-- --------------------------------------------------------

--
-- Estructura de tabla para la tabla `ilogs`
--

DROP TABLE IF EXISTS `ilogs`;
CREATE TABLE IF NOT EXISTS `ilogs` (
  `id` int(11) NOT NULL AUTO_INCREMENT,
  `ficha_id` int(11) NOT NULL,
  `opcion` varchar(200) NOT NULL,
  `descripcion` varchar(500) NOT NULL,
  `user_id` int(11) NOT NULL,
  `fecha` timestamp NOT NULL DEFAULT CURRENT_TIMESTAMP,
  PRIMARY KEY (`id`)
) ENGINE=MyISAM AUTO_INCREMENT=37 DEFAULT CHARSET=latin1;

--
-- Volcado de datos para la tabla `ilogs`
--

INSERT INTO `ilogs` (`id`, `ficha_id`, `opcion`, `descripcion`, `user_id`, `fecha`) VALUES
(1, 16, 'Generar-Ficha-Socioeconomica', '', 1, '2023-07-10 20:39:47'),
(2, 15, 'Aprobar-Ficha-Socioeconomica', 'GGGGGG', 1, '2023-07-10 20:45:01'),
(3, 14, 'Aprobar-Ficha-Socioeconomica', 'APROBACION 01-07-2023', 1, '2023-07-10 20:45:33'),
(4, 9, 'Terminar-Ficha-Socioeconomica', 'ffffffffffff', 1, '2023-07-10 20:57:55'),
(5, 17, 'Generar-Ficha-Socioeconomica', '', 1, '2023-07-10 23:58:37'),
(6, 18, 'Generar-Ficha-Socioeconomica', '', 1, '2023-07-11 14:07:02'),
(7, 18, 'Aprobar-Ficha-Socioeconomica', 'aprobado desde el 05-07-2023', 1, '2023-07-11 14:21:05'),
(8, 20, 'Reevaluar-Ficha-Socioeconomica', '2023-07-11 09:56:48 : Reevaluacion de Ficha  datos generales / datos salud / datos convivencia familiar ', 1, '2023-07-11 14:56:48'),
(9, 21, 'Reevaluar-Ficha-Socioeconomica', '2023-07-11 10:07:30 : Ficha Anterior: 2 / Ficha Actual: 21 / datos generales ', 1, '2023-07-11 15:07:30'),
(10, 22, 'Generar-Ficha-Socioeconomica', '', 1, '2023-07-12 16:41:03'),
(11, 23, 'Generar-Ficha-Socioeconomica', '', 1, '2023-07-15 17:45:40'),
(12, 24, 'Generar-Ficha-Socioeconomica', '', 1, '2023-07-15 18:14:05'),
(13, 24, 'Pre Aprobacion-Ficha-Socioeconomica', 'pre aprobado el 10-07-2023', 1, '2023-07-15 19:01:59'),
(14, 24, 'Pre Aprobacion-Ficha-Socioeconomica', 'hhjhkjhjk', 1, '2023-07-15 19:57:52'),
(15, 24, 'Pre Aprobacion-Ficha-Socioeconomica', 'revercion de pre aprobacion', 1, '2023-07-15 20:01:55'),
(16, 24, 'Pre Aprobacion-Ficha-Socioeconomica', 'reversion del dia 15-07-2023 prueba', 1, '2023-07-15 20:06:31'),
(17, 24, 'Revertir Pre Aprobacion-Ficha-Socioeconomica', 'revertir pre aprobacion prueba', 1, '2023-07-15 20:08:49'),
(18, 24, 'Pre Aprobacion-Ficha-Socioeconomica', 'ssssss', 1, '2023-07-15 20:11:22'),
(19, 23, 'Pre Aprobacion-Ficha-Socioeconomica', 'pre Aprobacion de Ficha Socioeconomica 23', 1, '2023-07-15 20:25:28'),
(20, 24, 'Aprobar-Ficha-Socioeconomica', 'aprobacion de prueba', 1, '2023-07-15 20:29:14'),
(21, 23, 'Aprobar-Ficha-Socioeconomica', 'wwwwww', 1, '2023-07-15 20:30:06'),
(22, 18, 'Aprobar-Ficha-Socioeconomica', 'ddddddddddddd', 1, '2023-07-15 20:40:42'),
(23, 25, 'Reevaluar-Ficha-Socioeconomica', '2023-07-15 15:41:44 : Ficha Anterior: 18 / Ficha Actual: 25 / datos generales / datos salud / datos situacion economica / datos beneficios / datos vivienda / datos convivencia familiar ', 1, '2023-07-15 20:41:44'),
(24, 25, 'Eliminar-Ficha-Socioeconomica', '', 1, '2023-07-15 20:43:32'),
(25, 16, 'Revertir Pre Aprobacion-Ficha-Socioeconomica', 'ddddd', 1, '2023-07-15 20:45:10'),
(26, 22, 'Eliminar-Ficha-Socioeconomica', '', 1, '2023-07-15 22:51:24'),
(27, 21, 'Eliminar-Ficha-Socioeconomica', '', 1, '2023-07-15 22:52:03'),
(28, 10, 'Eliminar-Ficha-Socioeconomica Pre Aprobada', 'Estado: GENERADO', 1, '2023-07-15 22:55:44'),
(29, 12, 'Revertir Pre Aprobacion-Ficha-Socioeconomica', 'ddd', 1, '2023-07-15 22:55:54'),
(30, 12, 'Eliminar-Ficha-Socioeconomica Pre Aprobada', 'Estado: GENERADO', 1, '2023-07-15 22:55:59'),
(31, 15, 'Revertir Pre Aprobacion-Ficha-Socioeconomica', 'DDDDD', 1, '2023-07-15 22:57:58'),
(32, 14, 'Revertir Pre Aprobacion-Ficha-Socioeconomica-Aprobada', 'revesion de pre aprobacion desde la lista de aprobacion', 1, '2023-07-15 23:05:48'),
(33, 14, 'Pre Aprobacion-Ficha-Socioeconomica', 'dddddddd', 1, '2023-07-15 23:07:15'),
(34, 14, 'Aprobar-Ficha-Socioeconomica', 'aprobacion de ficha numero 14', 1, '2023-07-15 23:07:32'),
(35, 13, 'Pre Aprobacion-Ficha-Socioeconomica', 'eeeeeeeeeeeeeeeeee', 1, '2023-07-15 23:09:43'),
(36, 20, 'Pre Aprobacion-Ficha-Socioeconomica', 'ghgjhgjh', 1, '2023-07-16 15:33:37');

-- --------------------------------------------------------

--
-- Estructura de tabla para la tabla `observaciones`
--

DROP TABLE IF EXISTS `observaciones`;
CREATE TABLE IF NOT EXISTS `observaciones` (
  `id` int(11) NOT NULL AUTO_INCREMENT,
  `ficha_id` int(11) NOT NULL,
  `tab_observacion` varchar(200) DEFAULT NULL,
  `observacion` varchar(10000) DEFAULT NULL,
  `activo` smallint(6) NOT NULL DEFAULT '1',
  `usercrea` int(10) UNSIGNED NOT NULL,
  `fechacrea` date NOT NULL,
  `usermod` int(10) UNSIGNED DEFAULT NULL,
  `fechamod` date DEFAULT NULL,
  `created_at` timestamp NULL DEFAULT CURRENT_TIMESTAMP,
  `updated_at` timestamp NULL DEFAULT NULL,
  PRIMARY KEY (`id`)
) ENGINE=MyISAM AUTO_INCREMENT=18 DEFAULT CHARSET=latin1;

--
-- Volcado de datos para la tabla `observaciones`
--

INSERT INTO `observaciones` (`id`, `ficha_id`, `tab_observacion`, `observacion`, `activo`, `usercrea`, `fechacrea`, `usermod`, `fechamod`, `created_at`, `updated_at`) VALUES
(1, 1, 'beneficios', 'sdfsdfsdfsdf', 1, 1, '2023-07-06', 1, '2023-07-06', '2023-07-06 15:18:36', NULL),
(2, 4, 'beneficios', 'sdfsdfsdfsdf', 1, 1, '2023-07-07', NULL, NULL, '2023-07-07 09:26:34', NULL),
(3, 1, 'documentosficha', 'ffff', 1, 1, '2023-07-09', 1, '2023-07-09', '2023-07-09 16:04:34', NULL),
(4, 12, 'beneficios', 'sdfsdfsdfsdf', 1, 1, '2023-07-10', NULL, NULL, '2023-07-10 08:03:00', NULL),
(5, 18, 'beneficios', 'sdfsdfsdfsdf', 1, 1, '2023-07-11', NULL, NULL, '2023-07-11 14:07:02', NULL),
(6, 18, 'datosgenerales', 'ubicacion poco accesible', 1, 1, '2023-07-11', NULL, NULL, '2023-07-11 14:07:23', NULL),
(7, 18, 'informacionfamiliar', 'familiares del usuario', 1, 1, '2023-07-11', NULL, NULL, '2023-07-11 14:07:39', NULL),
(8, 20, 'datosgenerales', 'ubicacion poco accesible', 1, 1, '2023-07-11', NULL, NULL, '2023-07-11 14:56:48', NULL),
(9, 20, 'informacionfamiliar', 'familiares del usuario', 1, 1, '2023-07-11', NULL, NULL, '2023-07-11 14:56:48', NULL),
(10, 22, 'datosgenerales', 'ubicacion poco accesible', 1, 1, '2023-07-12', NULL, NULL, '2023-07-12 16:41:03', NULL),
(11, 22, 'informacionfamiliar', 'familiares del usuario', 1, 1, '2023-07-12', NULL, NULL, '2023-07-12 16:41:03', NULL),
(12, 22, 'beneficios', 'sdfsdfsdfsdf', 1, 1, '2023-07-12', NULL, NULL, '2023-07-12 16:41:03', NULL),
(13, 23, 'datosgenerales', 'HHHH', 1, 1, '2023-07-15', NULL, NULL, '2023-07-15 17:46:11', NULL),
(14, 23, 'informacionfamiliar', 'LLLL', 1, 1, '2023-07-15', NULL, NULL, '2023-07-15 17:46:29', NULL),
(15, 25, 'datosgenerales', 'ubicacion poco accesible', 1, 1, '2023-07-15', NULL, NULL, '2023-07-15 08:41:44', NULL),
(16, 25, 'informacionfamiliar', 'familiares del usuario', 1, 1, '2023-07-15', NULL, NULL, '2023-07-15 08:41:44', NULL),
(17, 25, 'beneficios', 'sdfsdfsdfsdf', 1, 1, '2023-07-15', NULL, NULL, '2023-07-15 08:41:44', NULL);

-- --------------------------------------------------------

--
-- Estructura de tabla para la tabla `opciones`
--

DROP TABLE IF EXISTS `opciones`;
CREATE TABLE IF NOT EXISTS `opciones` (
  `id` int(10) UNSIGNED NOT NULL AUTO_INCREMENT,
  `nombre` varchar(100) COLLATE utf8mb4_unicode_ci NOT NULL,
  `descripcion` varchar(200) COLLATE utf8mb4_unicode_ci NOT NULL,
  `pagina` varchar(100) COLLATE utf8mb4_unicode_ci NOT NULL,
  `activo` tinyint(1) NOT NULL DEFAULT '1',
  `created_at` timestamp NULL DEFAULT CURRENT_TIMESTAMP,
  `updated_at` timestamp NULL DEFAULT NULL,
  `grupoopcion_id` int(10) UNSIGNED NOT NULL,
  `seccion_id` int(10) UNSIGNED NOT NULL DEFAULT '0',
  PRIMARY KEY (`id`),
  KEY `grupoopcion_id` (`grupoopcion_id`)
) ENGINE=MyISAM AUTO_INCREMENT=13 DEFAULT CHARSET=utf8mb4 COLLATE=utf8mb4_unicode_ci;

--
-- Volcado de datos para la tabla `opciones`
--

INSERT INTO `opciones` (`id`, `nombre`, `descripcion`, `pagina`, `activo`, `created_at`, `updated_at`, `grupoopcion_id`, `seccion_id`) VALUES
(1, 'Usuarios', 'Usuarios', 'gestion-de-usuarios', 1, '2020-09-24 17:47:55', '2020-09-24 17:47:55', 1, 0),
(2, 'Roles', 'Roles', 'gestion-de-roles', 1, '2020-09-24 17:47:55', '2020-09-24 17:47:55', 1, 0),
(3, 'Permisos', 'Permisos', 'gestion-de-permisos', 1, '2020-09-24 17:47:55', '2020-09-24 17:47:55', 1, 0),
(4, 'Grupo Opciones', 'Grupo Ópciones', 'gestion-de-grupoopciones', 1, '2020-09-24 17:47:55', '2020-09-24 17:47:55', 2, 0),
(5, 'Opciones', 'Opciones', 'gestion-de-opciones', 1, '2020-09-24 17:47:55', '2020-09-24 17:47:55', 2, 0),
(6, 'Registro Ficha Socioeconomica', 'Registro Ficha Socioeconomica', 'gestion-ficha-socieconomica', 1, '2020-09-24 17:47:55', NULL, 3, 0),
(7, 'Pre Arprobacion Ficha Socioecnonomica', 'Registro Ficha Socioeconomica', 'gestion-pre-aprobar-ficha-socieconomica', 1, '2020-09-24 17:47:55', NULL, 3, 0),
(8, 'Gestion de categoria', 'Gestion de categoria', 'gestion-categorias', 1, '2023-07-05 21:37:50', NULL, 4, 0),
(9, 'Aprobacion Ficha Socioeconomica', 'Registro Ficha Socioeconomica', 'gestion-aprobar-ficha-socieconomica', 1, '2023-07-15 14:21:22', NULL, 3, 0),
(10, 'Reporte Todas Fichas Socioeconomicas', 'Reporte Todas Fichas Socioeconomicas', 'reporte-todas-ficha-socieconomicas', 1, '2023-07-16 14:55:50', NULL, 6, 0),
(11, 'Reporte Tiempo Restante de Caducidad', 'Reporte Tiempo Restante de Caducidad de ayuda al Beneficiario', 'reporte-tiempo-restante-ficha-socieconomicas', 1, '2023-07-16 14:57:47', NULL, 6, 0),
(12, 'Variables Permanencia', 'Configurar Variables Permanencia', 'gestion-variables-permanencia', 1, '2023-07-16 15:28:49', NULL, 5, 0);

-- --------------------------------------------------------

--
-- Estructura de tabla para la tabla `permanencia`
--

DROP TABLE IF EXISTS `permanencia`;
CREATE TABLE IF NOT EXISTS `permanencia` (
  `id` int(11) NOT NULL AUTO_INCREMENT,
  `descripcion` varchar(1000) DEFAULT NULL,
  `indsinlimite` int(11) NOT NULL DEFAULT '0',
  `indedad` int(11) NOT NULL DEFAULT '1',
  `edadmin` int(11) DEFAULT NULL,
  `edadmax` int(11) DEFAULT NULL,
  `indvulnerabilidad` int(11) NOT NULL DEFAULT '0',
  `indriesgosocial` int(11) NOT NULL DEFAULT '0',
  `indsueldo` int(11) NOT NULL DEFAULT '0',
  `sueldomaximo` float NOT NULL DEFAULT '0',
  `indcantpersonas` int(11) NOT NULL DEFAULT '0',
  `cantpersonas` int(11) DEFAULT '0',
  `anios` int(11) NOT NULL DEFAULT '0',
  `meses` int(11) NOT NULL DEFAULT '0',
  `dias` int(11) NOT NULL DEFAULT '0',
  `activo` int(11) NOT NULL DEFAULT '1',
  `created_at` timestamp NOT NULL DEFAULT CURRENT_TIMESTAMP,
  `updated_at` timestamp NULL DEFAULT NULL,
  `usercrea` int(11) NOT NULL,
  `fechacrea` datetime NOT NULL DEFAULT CURRENT_TIMESTAMP,
  `usermod` int(11) DEFAULT NULL,
  `fechamod` datetime DEFAULT NULL,
  PRIMARY KEY (`id`)
) ENGINE=MyISAM AUTO_INCREMENT=10 DEFAULT CHARSET=latin1;

--
-- Volcado de datos para la tabla `permanencia`
--

INSERT INTO `permanencia` (`id`, `descripcion`, `indsinlimite`, `indedad`, `edadmin`, `edadmax`, `indvulnerabilidad`, `indriesgosocial`, `indsueldo`, `sueldomaximo`, `indcantpersonas`, `cantpersonas`, `anios`, `meses`, `dias`, `activo`, `created_at`, `updated_at`, `usercrea`, `fechacrea`, `usermod`, `fechamod`) VALUES
(1, 'Niños y Niñas de 01 a 05 años; tiempo de permanencia tres años.', 0, 1, 1, 5, 0, 0, 0, 0, 0, 0, 3, 0, 0, 1, '2023-07-16 16:36:32', '2023-07-16 17:18:52', 1, '2023-07-16 11:36:32', 1, '2023-07-16 12:18:52'),
(2, 'Niños y Niñas de 06 a 12 años; tiempo de permanencia dos años.', 0, 1, 6, 12, 0, 0, 0, 0, 0, 0, 2, 0, 0, 1, '2023-07-16 16:36:32', NULL, 1, '2023-07-16 11:36:32', NULL, NULL),
(3, 'Adolescentes de 13 a 15 años; tiempo de permanencia dos años.', 0, 1, 13, 15, 0, 0, 0, 0, 0, 0, 2, 0, 0, 1, '2023-07-16 16:36:32', NULL, 1, '2023-07-16 11:36:32', NULL, NULL),
(4, 'Adolescentes de 16 a 17 años; tiempo de permanencia un año.', 0, 1, 16, 17, 0, 0, 0, 0, 0, 0, 1, 0, 0, 1, '2023-07-16 16:36:32', NULL, 1, '2023-07-16 11:36:32', NULL, NULL),
(5, 'Jóvenes de 18 a 25 años, tiempo de permanencia un año; siempre y cuando exista continuidad académica y/o se encuentre en condición de vulnerabilidad.', 0, 1, 18, 25, 1, 0, 0, 0, 0, 0, 1, 0, 0, 1, '2023-07-16 16:36:32', NULL, 1, '2023-07-16 11:36:32', NULL, NULL),
(6, 'Adultos de 26 a 59 años, en evidente estado de vulnerabilidad y/o riesgo social, tiempo de permanencia 6 meses.', 0, 1, 26, 59, 1, 1, 0, 0, 0, 0, 0, 6, 0, 1, '2023-07-16 16:36:32', NULL, 1, '2023-07-16 11:36:32', NULL, NULL),
(7, 'Adultos de 60 años a mas, sin limite de permanencia, en situación de riesgo social o vulnerabilidad, a menos que la situación socioeconómica del entorno familiar del A. M. mejor; y su cuidador tenga un ingreso económico mayor o igual al sueldo mínimo vital (S/1025.00), con contrato de permanencia. Se evaluara también el numero de personas que habitan en el mismo hogar. En este caso se reevaluara y se tendrá en cuenta, para generar el retiro del A. M. del programa de comedores de la SBL.', 1, 1, 60, NULL, 1, 1, 1, 1025, 1, 5, 0, 0, 0, 1, '2023-07-16 16:36:32', '2023-07-16 17:11:03', 1, '2023-07-16 11:36:32', 1, '2023-07-16 12:11:03'),
(8, 'de 5 a 7 años con  riesgo social 3 años', 0, 1, 5, 7, 0, 1, 0, 0, 0, 0, 3, 0, 0, 1, '2023-07-16 18:35:55', NULL, 1, '2023-07-16 13:35:55', NULL, NULL),
(9, 'de 8 a 9 años con vulnerabilidad 4 años 6 meses', 0, 1, 8, 9, 1, 0, 0, 0, 0, 0, 4, 6, 0, 1, '2023-07-16 18:36:47', NULL, 1, '2023-07-16 13:36:47', NULL, NULL);

-- --------------------------------------------------------

--
-- Estructura de tabla para la tabla `permisouserempresas`
--

DROP TABLE IF EXISTS `permisouserempresas`;
CREATE TABLE IF NOT EXISTS `permisouserempresas` (
  `id` int(10) UNSIGNED NOT NULL AUTO_INCREMENT,
  `user_id` int(10) UNSIGNED NOT NULL,
  `empresa_id` int(10) UNSIGNED NOT NULL,
  `userreg` varchar(100) COLLATE utf8mb4_unicode_ci NOT NULL,
  `activo` tinyint(1) NOT NULL DEFAULT '1',
  `created_at` timestamp NULL DEFAULT CURRENT_TIMESTAMP,
  `updated_at` timestamp NULL DEFAULT NULL,
  `deleted_at` timestamp NULL DEFAULT NULL,
  PRIMARY KEY (`id`)
) ENGINE=MyISAM AUTO_INCREMENT=2 DEFAULT CHARSET=utf8mb4 COLLATE=utf8mb4_unicode_ci;

--
-- Volcado de datos para la tabla `permisouserempresas`
--

INSERT INTO `permisouserempresas` (`id`, `user_id`, `empresa_id`, `userreg`, `activo`, `created_at`, `updated_at`, `deleted_at`) VALUES
(1, 1, 1, 'admin', 1, '2023-03-02 06:31:09', '2023-04-15 17:09:40', NULL);

-- --------------------------------------------------------

--
-- Estructura de tabla para la tabla `provincias`
--

DROP TABLE IF EXISTS `provincias`;
CREATE TABLE IF NOT EXISTS `provincias` (
  `id` int(10) UNSIGNED NOT NULL AUTO_INCREMENT,
  `codigo` varchar(200) COLLATE utf8mb4_unicode_ci NOT NULL,
  `descripcion` varchar(200) COLLATE utf8mb4_unicode_ci NOT NULL,
  `codigodeptamento` varchar(200) COLLATE utf8mb4_unicode_ci NOT NULL,
  `codigoprovincia` varchar(200) COLLATE utf8mb4_unicode_ci NOT NULL,
  `departamento_id` int(10) UNSIGNED NOT NULL,
  `activo` tinyint(1) NOT NULL DEFAULT '1',
  `created_at` timestamp NULL DEFAULT CURRENT_TIMESTAMP,
  `updated_at` timestamp NULL DEFAULT NULL,
  PRIMARY KEY (`id`)
) ENGINE=MyISAM AUTO_INCREMENT=196 DEFAULT CHARSET=utf8mb4 COLLATE=utf8mb4_unicode_ci;

--
-- Volcado de datos para la tabla `provincias`
--

INSERT INTO `provincias` (`id`, `codigo`, `descripcion`, `codigodeptamento`, `codigoprovincia`, `departamento_id`, `activo`, `created_at`, `updated_at`) VALUES
(1, '0101', 'CHACHAPOYAS', '01', '01', 1, 1, '2023-06-21 18:51:38', NULL),
(2, '0102', 'BAGUA', '01', '02', 1, 1, '2023-06-21 18:51:38', NULL),
(3, '0103', 'BONGARA', '01', '03', 1, 1, '2023-06-21 18:51:38', NULL),
(4, '0104', 'LUYA', '01', '04', 1, 1, '2023-06-21 18:51:38', NULL),
(5, '0105', 'RODRIGUEZDEMENDOZA', '01', '05', 1, 1, '2023-06-21 18:51:38', NULL),
(6, '0106', 'CONDORCANQUI', '01', '06', 1, 1, '2023-06-21 18:51:38', NULL),
(7, '0107', 'UTCUBAMBA', '01', '07', 1, 1, '2023-06-21 18:51:38', NULL),
(8, '0201', 'HUARAZ', '02', '01', 2, 1, '2023-06-21 18:51:38', NULL),
(9, '0202', 'AIJA', '02', '02', 2, 1, '2023-06-21 18:51:38', NULL),
(10, '0203', 'BOLOGNESI', '02', '03', 2, 1, '2023-06-21 18:51:38', NULL),
(11, '0204', 'CARHUAZ', '02', '04', 2, 1, '2023-06-21 18:51:38', NULL),
(12, '0205', 'CASMA', '02', '05', 2, 1, '2023-06-21 18:51:38', NULL),
(13, '0206', 'CORONGO', '02', '06', 2, 1, '2023-06-21 18:51:38', NULL),
(14, '0207', 'HUAYLAS', '02', '07', 2, 1, '2023-06-21 18:51:38', NULL),
(15, '0208', 'HUARI', '02', '08', 2, 1, '2023-06-21 18:51:38', NULL),
(16, '0209', 'MARISCALLUZURIAGA', '02', '09', 2, 1, '2023-06-21 18:51:38', NULL),
(17, '0210', 'PALLASCA', '02', '10', 2, 1, '2023-06-21 18:51:38', NULL),
(18, '0211', 'POMABAMBA', '02', '11', 2, 1, '2023-06-21 18:51:38', NULL),
(19, '0212', 'RECUAY', '02', '12', 2, 1, '2023-06-21 18:51:38', NULL),
(20, '0213', 'SANTA', '02', '13', 2, 1, '2023-06-21 18:51:38', NULL),
(21, '0214', 'SIHUAS', '02', '14', 2, 1, '2023-06-21 18:51:38', NULL),
(22, '0215', 'YUNGAY', '02', '15', 2, 1, '2023-06-21 18:51:38', NULL),
(23, '0216', 'ANTONIORAIMONDI', '02', '16', 2, 1, '2023-06-21 18:51:38', NULL),
(24, '0217', 'CARLOSFERMINFITZCARRALD', '02', '17', 2, 1, '2023-06-21 18:51:38', NULL),
(25, '0218', 'ASUNCION', '02', '18', 2, 1, '2023-06-21 18:51:38', NULL),
(26, '0219', 'HUARMEY', '02', '19', 2, 1, '2023-06-21 18:51:38', NULL),
(27, '0220', 'OCROS', '02', '20', 2, 1, '2023-06-21 18:51:38', NULL),
(28, '0301', 'ABANCAY', '03', '01', 3, 1, '2023-06-21 18:51:38', NULL),
(29, '0302', 'AYMARAES', '03', '02', 3, 1, '2023-06-21 18:51:38', NULL),
(30, '0303', 'ANDAHUAYLAS', '03', '03', 3, 1, '2023-06-21 18:51:38', NULL),
(31, '0304', 'ANTABAMBA', '03', '04', 3, 1, '2023-06-21 18:51:38', NULL),
(32, '0305', 'COTABAMBAS', '03', '05', 3, 1, '2023-06-21 18:51:38', NULL),
(33, '0306', 'GRAU', '03', '06', 3, 1, '2023-06-21 18:51:38', NULL),
(34, '0307', 'CHINCHEROS', '03', '07', 3, 1, '2023-06-21 18:51:38', NULL),
(35, '0401', 'AREQUIPA', '04', '01', 4, 1, '2023-06-21 18:51:38', NULL),
(36, '0402', 'CAYLLOMA', '04', '02', 4, 1, '2023-06-21 18:51:38', NULL),
(37, '0403', 'CAMANA', '04', '03', 4, 1, '2023-06-21 18:51:38', NULL),
(38, '0404', 'CARAVELI', '04', '04', 4, 1, '2023-06-21 18:51:38', NULL),
(39, '0405', 'CASTILLA', '04', '05', 4, 1, '2023-06-21 18:51:38', NULL),
(40, '0406', 'CONDESUYOS', '04', '06', 4, 1, '2023-06-21 18:51:38', NULL),
(41, '0407', 'ISLAY', '04', '07', 4, 1, '2023-06-21 18:51:38', NULL),
(42, '0408', 'LAUNION', '04', '08', 4, 1, '2023-06-21 18:51:38', NULL),
(43, '0501', 'HUAMANGA', '05', '01', 5, 1, '2023-06-21 18:51:38', NULL),
(44, '0502', 'CANGALLO', '05', '02', 5, 1, '2023-06-21 18:51:38', NULL),
(45, '0503', 'HUANTA', '05', '03', 5, 1, '2023-06-21 18:51:38', NULL),
(46, '0504', 'LAMAR', '05', '04', 5, 1, '2023-06-21 18:51:38', NULL),
(47, '0505', 'LUCANAS', '05', '05', 5, 1, '2023-06-21 18:51:38', NULL),
(48, '0506', 'PARINACOCHAS', '05', '06', 5, 1, '2023-06-21 18:51:38', NULL),
(49, '0507', 'VICTORFAJARDO', '05', '07', 5, 1, '2023-06-21 18:51:38', NULL),
(50, '0508', 'HUANCASANCOS', '05', '08', 5, 1, '2023-06-21 18:51:38', NULL),
(51, '0509', 'VILCASHUAMAN', '05', '09', 5, 1, '2023-06-21 18:51:38', NULL),
(52, '0510', 'PAUCARDELSARASARA', '05', '10', 5, 1, '2023-06-21 18:51:38', NULL),
(53, '0511', 'SUCRE', '05', '11', 5, 1, '2023-06-21 18:51:38', NULL),
(54, '0601', 'CAJAMARCA', '06', '01', 6, 1, '2023-06-21 18:51:38', NULL),
(55, '0602', 'CAJABAMBA', '06', '02', 6, 1, '2023-06-21 18:51:38', NULL),
(56, '0603', 'CELENDIN', '06', '03', 6, 1, '2023-06-21 18:51:38', NULL),
(57, '0604', 'CONTUMAZA', '06', '04', 6, 1, '2023-06-21 18:51:38', NULL),
(58, '0605', 'CUTERVO', '06', '05', 6, 1, '2023-06-21 18:51:38', NULL),
(59, '0606', 'CHOTA', '06', '06', 6, 1, '2023-06-21 18:51:38', NULL),
(60, '0607', 'HUALGAYOC', '06', '07', 6, 1, '2023-06-21 18:51:38', NULL),
(61, '0608', 'JAEN', '06', '08', 6, 1, '2023-06-21 18:51:38', NULL),
(62, '0609', 'SANTACRUZ', '06', '09', 6, 1, '2023-06-21 18:51:38', NULL),
(63, '0610', 'SANMIGUEL', '06', '10', 6, 1, '2023-06-21 18:51:38', NULL),
(64, '0611', 'SANIGNACIO', '06', '11', 6, 1, '2023-06-21 18:51:38', NULL),
(65, '0612', 'SANMARCOS', '06', '12', 6, 1, '2023-06-21 18:51:38', NULL),
(66, '0613', 'SANPABLO', '06', '13', 6, 1, '2023-06-21 18:51:38', NULL),
(67, '0701', 'CUSCO', '07', '01', 7, 1, '2023-06-21 18:51:38', NULL),
(68, '0702', 'ACOMAYO', '07', '02', 7, 1, '2023-06-21 18:51:38', NULL),
(69, '0703', 'ANTA', '07', '03', 7, 1, '2023-06-21 18:51:38', NULL),
(70, '0704', 'CALCA', '07', '04', 7, 1, '2023-06-21 18:51:38', NULL),
(71, '0705', 'CANAS', '07', '05', 7, 1, '2023-06-21 18:51:38', NULL),
(72, '0706', 'CANCHIS', '07', '06', 7, 1, '2023-06-21 18:51:38', NULL),
(73, '0707', 'CHUMBIVILCAS', '07', '07', 7, 1, '2023-06-21 18:51:38', NULL),
(74, '0708', 'ESPINAR', '07', '08', 7, 1, '2023-06-21 18:51:38', NULL),
(75, '0709', 'LACONVENCION', '07', '09', 7, 1, '2023-06-21 18:51:38', NULL),
(76, '0710', 'PARURO', '07', '10', 7, 1, '2023-06-21 18:51:38', NULL),
(77, '0711', 'PAUCARTAMBO', '07', '11', 7, 1, '2023-06-21 18:51:38', NULL),
(78, '0712', 'QUISPICANCHIS', '07', '12', 7, 1, '2023-06-21 18:51:38', NULL),
(79, '0713', 'URUBAMBA', '07', '13', 7, 1, '2023-06-21 18:51:38', NULL),
(80, '0801', 'HUANCAVELICA', '08', '01', 8, 1, '2023-06-21 18:51:38', NULL),
(81, '0802', 'ACOBAMBA', '08', '02', 8, 1, '2023-06-21 18:51:38', NULL),
(82, '0803', 'ANGARAES', '08', '03', 8, 1, '2023-06-21 18:51:38', NULL),
(83, '0804', 'CASTROVIRREYNA', '08', '04', 8, 1, '2023-06-21 18:51:38', NULL),
(84, '0805', 'TAYACAJA', '08', '05', 8, 1, '2023-06-21 18:51:38', NULL),
(85, '0806', 'HUAYTARA', '08', '06', 8, 1, '2023-06-21 18:51:38', NULL),
(86, '0807', 'CHURCAMPA', '08', '07', 8, 1, '2023-06-21 18:51:38', NULL),
(87, '0901', 'HUANUCO', '09', '01', 9, 1, '2023-06-21 18:51:38', NULL),
(88, '0902', 'AMBO', '09', '02', 9, 1, '2023-06-21 18:51:38', NULL),
(89, '0903', 'DOSDEMAYO', '09', '03', 9, 1, '2023-06-21 18:51:38', NULL),
(90, '0904', 'HUAMALIES', '09', '04', 9, 1, '2023-06-21 18:51:38', NULL),
(91, '0905', 'MARANON', '09', '05', 9, 1, '2023-06-21 18:51:38', NULL),
(92, '0906', 'LEONCIOPRADO', '09', '06', 9, 1, '2023-06-21 18:51:38', NULL),
(93, '0907', 'PACHITEA', '09', '07', 9, 1, '2023-06-21 18:51:38', NULL),
(94, '0908', 'PUERTOINCA', '09', '08', 9, 1, '2023-06-21 18:51:38', NULL),
(95, '0909', 'HUACAYBAMBA', '09', '09', 9, 1, '2023-06-21 18:51:38', NULL),
(96, '0910', 'LAURICOCHA', '09', '10', 9, 1, '2023-06-21 18:51:38', NULL),
(97, '0911', 'YAROWILCA', '09', '11', 9, 1, '2023-06-21 18:51:38', NULL),
(98, '1001', 'ICA', '10', '01', 10, 1, '2023-06-21 18:51:38', NULL),
(99, '1002', 'CHINCHA', '10', '02', 10, 1, '2023-06-21 18:51:38', NULL),
(100, '1003', 'NAZCA', '10', '03', 10, 1, '2023-06-21 18:51:38', NULL),
(101, '1004', 'PISCO', '10', '04', 10, 1, '2023-06-21 18:51:38', NULL),
(102, '1005', 'PALPA', '10', '05', 10, 1, '2023-06-21 18:51:38', NULL),
(103, '1101', 'HUANCAYO', '11', '01', 11, 1, '2023-06-21 18:51:38', NULL),
(104, '1102', 'CONCEPCION', '11', '02', 11, 1, '2023-06-21 18:51:38', NULL),
(105, '1103', 'JAUJA', '11', '03', 11, 1, '2023-06-21 18:51:38', NULL),
(106, '1104', 'JUNIN', '11', '04', 11, 1, '2023-06-21 18:51:38', NULL),
(107, '1105', 'TARMA', '11', '05', 11, 1, '2023-06-21 18:51:38', NULL),
(108, '1106', 'YAULI', '11', '06', 11, 1, '2023-06-21 18:51:38', NULL),
(109, '1107', 'SATIPO', '11', '07', 11, 1, '2023-06-21 18:51:38', NULL),
(110, '1108', 'CHANCHAMAYO', '11', '08', 11, 1, '2023-06-21 18:51:38', NULL),
(111, '1109', 'CHUPACA', '11', '09', 11, 1, '2023-06-21 18:51:38', NULL),
(112, '1201', 'TRUJILLO', '12', '01', 12, 1, '2023-06-21 18:51:38', NULL),
(113, '1202', 'BOLIVAR', '12', '02', 12, 1, '2023-06-21 18:51:38', NULL),
(114, '1203', 'SANCHEZCARRION', '12', '03', 12, 1, '2023-06-21 18:51:38', NULL),
(115, '1204', 'OTUZCO', '12', '04', 12, 1, '2023-06-21 18:51:38', NULL),
(116, '1205', 'PACASMAYO', '12', '05', 12, 1, '2023-06-21 18:51:38', NULL),
(117, '1206', 'PATAZ', '12', '06', 12, 1, '2023-06-21 18:51:38', NULL),
(118, '1207', 'SANTIAGODECHUCO', '12', '07', 12, 1, '2023-06-21 18:51:38', NULL),
(119, '1208', 'ASCOPE', '12', '08', 12, 1, '2023-06-21 18:51:38', NULL),
(120, '1209', 'CHEPEN', '12', '09', 12, 1, '2023-06-21 18:51:38', NULL),
(121, '1210', 'JULCAN', '12', '10', 12, 1, '2023-06-21 18:51:38', NULL),
(122, '1211', 'GRANCHIMU', '12', '11', 12, 1, '2023-06-21 18:51:38', NULL),
(123, '1212', 'VIRU', '12', '12', 12, 1, '2023-06-21 18:51:38', NULL),
(124, '1301', 'CHICLAYO', '13', '01', 13, 1, '2023-06-21 18:51:38', NULL),
(125, '1302', 'FERRENAFE', '13', '02', 13, 1, '2023-06-21 18:51:38', NULL),
(126, '1303', 'LAMBAYEQUE', '13', '03', 13, 1, '2023-06-21 18:51:38', NULL),
(127, '1401', 'LIMA', '14', '01', 14, 1, '2023-06-21 18:51:38', NULL),
(128, '1402', 'CAJATAMBO', '14', '02', 14, 1, '2023-06-21 18:51:38', NULL),
(129, '1403', 'CANTA', '14', '03', 14, 1, '2023-06-21 18:51:38', NULL),
(130, '1404', 'CANETE', '14', '04', 14, 1, '2023-06-21 18:51:38', NULL),
(131, '1405', 'HUAURA', '14', '05', 14, 1, '2023-06-21 18:51:38', NULL),
(132, '1406', 'HUAROCHIRI', '14', '06', 14, 1, '2023-06-21 18:51:38', NULL),
(133, '1407', 'YAUYOS', '14', '07', 14, 1, '2023-06-21 18:51:38', NULL),
(134, '1408', 'HUARAL', '14', '08', 14, 1, '2023-06-21 18:51:38', NULL),
(135, '1409', 'BARRANCA', '14', '09', 14, 1, '2023-06-21 18:51:38', NULL),
(136, '1410', 'OYON', '14', '10', 14, 1, '2023-06-21 18:51:38', NULL),
(137, '1501', 'MAYNAS', '15', '01', 15, 1, '2023-06-21 18:51:38', NULL),
(138, '1502', 'ALTOAMAZONAS', '15', '02', 15, 1, '2023-06-21 18:51:38', NULL),
(139, '1503', 'LORETO', '15', '03', 15, 1, '2023-06-21 18:51:38', NULL),
(140, '1504', 'REQUENA', '15', '04', 15, 1, '2023-06-21 18:51:38', NULL),
(141, '1505', 'UCAYALI', '15', '05', 15, 1, '2023-06-21 18:51:38', NULL),
(142, '1506', 'MARISCALRAMONCASTILLA', '15', '06', 15, 1, '2023-06-21 18:51:38', NULL),
(143, '1507', 'DATEMDELMARAÑON', '15', '07', 15, 1, '2023-06-21 18:51:38', NULL),
(144, '1601', 'TAMBOPATA', '16', '01', 16, 1, '2023-06-21 18:51:38', NULL),
(145, '1602', 'MANU', '16', '02', 16, 1, '2023-06-21 18:51:38', NULL),
(146, '1603', 'TAHUAMANU', '16', '03', 16, 1, '2023-06-21 18:51:38', NULL),
(147, '1701', 'MARISCALNIETO', '17', '01', 17, 1, '2023-06-21 18:51:38', NULL),
(148, '1702', 'GENERALSANCHEZCERRO', '17', '02', 17, 1, '2023-06-21 18:51:38', NULL),
(149, '1703', 'ILO', '17', '03', 17, 1, '2023-06-21 18:51:38', NULL),
(150, '1801', 'PASCO', '18', '01', 18, 1, '2023-06-21 18:51:38', NULL),
(151, '1802', 'DANIELALCIDESCARRION', '18', '02', 18, 1, '2023-06-21 18:51:38', NULL),
(152, '1803', 'OXAPAMPA', '18', '03', 18, 1, '2023-06-21 18:51:38', NULL),
(153, '1901', 'PIURA', '19', '01', 19, 1, '2023-06-21 18:51:38', NULL),
(154, '1902', 'AYABACA', '19', '02', 19, 1, '2023-06-21 18:51:38', NULL),
(155, '1903', 'HUANCABAMBA', '19', '03', 19, 1, '2023-06-21 18:51:38', NULL),
(156, '1904', 'MORROPON', '19', '04', 19, 1, '2023-06-21 18:51:38', NULL),
(157, '1905', 'PAITA', '19', '05', 19, 1, '2023-06-21 18:51:38', NULL),
(158, '1906', 'SULLANA', '19', '06', 19, 1, '2023-06-21 18:51:38', NULL),
(159, '1907', 'TALARA', '19', '07', 19, 1, '2023-06-21 18:51:38', NULL),
(160, '1908', 'SECHURA', '19', '08', 19, 1, '2023-06-21 18:51:38', NULL),
(161, '2001', 'PUNO', '20', '01', 20, 1, '2023-06-21 18:51:38', NULL),
(162, '2002', 'AZANGARO', '20', '02', 20, 1, '2023-06-21 18:51:38', NULL),
(163, '2003', 'CARABAYA', '20', '03', 20, 1, '2023-06-21 18:51:38', NULL),
(164, '2004', 'CHUCUITO', '20', '04', 20, 1, '2023-06-21 18:51:38', NULL),
(165, '2005', 'HUANCANE', '20', '05', 20, 1, '2023-06-21 18:51:38', NULL),
(166, '2006', 'LAMPA', '20', '06', 20, 1, '2023-06-21 18:51:38', NULL),
(167, '2007', 'MELGAR', '20', '07', 20, 1, '2023-06-21 18:51:38', NULL),
(168, '2008', 'SANDIA', '20', '08', 20, 1, '2023-06-21 18:51:38', NULL),
(169, '2009', 'SANROMAN', '20', '09', 20, 1, '2023-06-21 18:51:38', NULL),
(170, '2010', 'YUNGUYO', '20', '10', 20, 1, '2023-06-21 18:51:38', NULL),
(171, '2011', 'SANANTONIODEPUTINA', '20', '11', 20, 1, '2023-06-21 18:51:38', NULL),
(172, '2012', 'ELCOLLAO', '20', '12', 20, 1, '2023-06-21 18:51:38', NULL),
(173, '2013', 'MOHO', '20', '13', 20, 1, '2023-06-21 18:51:38', NULL),
(174, '2101', 'MOYOBAMBA', '21', '01', 21, 1, '2023-06-21 18:51:38', NULL),
(175, '2102', 'HUALLAGA', '21', '02', 21, 1, '2023-06-21 18:51:38', NULL),
(176, '2103', 'LAMAS', '21', '03', 21, 1, '2023-06-21 18:51:38', NULL),
(177, '2104', 'MARISCALCACERES', '21', '04', 21, 1, '2023-06-21 18:51:38', NULL),
(178, '2105', 'RIOJA', '21', '05', 21, 1, '2023-06-21 18:51:38', NULL),
(179, '2106', 'SANMARTIN', '21', '06', 21, 1, '2023-06-21 18:51:38', NULL),
(180, '2107', 'BELLAVISTA', '21', '07', 21, 1, '2023-06-21 18:51:38', NULL),
(181, '2108', 'TOCACHE', '21', '08', 21, 1, '2023-06-21 18:51:38', NULL),
(182, '2109', 'PICOTA', '21', '09', 21, 1, '2023-06-21 18:51:38', NULL),
(183, '2110', 'ELDORADO', '21', '10', 21, 1, '2023-06-21 18:51:38', NULL),
(184, '2201', 'TACNA', '22', '01', 22, 1, '2023-06-21 18:51:38', NULL),
(185, '2202', 'TARATA', '22', '02', 22, 1, '2023-06-21 18:51:38', NULL),
(186, '2203', 'JORGEBASADRE', '22', '03', 22, 1, '2023-06-21 18:51:38', NULL),
(187, '2204', 'CANDARAVE', '22', '04', 22, 1, '2023-06-21 18:51:38', NULL),
(188, '2301', 'TUMBES', '23', '01', 23, 1, '2023-06-21 18:51:38', NULL),
(189, '2302', 'CONTRALMIRANTEVILLAR', '23', '02', 23, 1, '2023-06-21 18:51:38', NULL),
(190, '2303', 'ZARUMILLA', '23', '03', 23, 1, '2023-06-21 18:51:38', NULL),
(191, '2401', 'CALLAO', '24', '01', 24, 1, '2023-06-21 18:51:38', NULL),
(192, '2501', 'CORONELPORTILLO', '25', '01', 25, 1, '2023-06-21 18:51:38', NULL),
(193, '2502', 'PADREABAD', '25', '02', 25, 1, '2023-06-21 18:51:38', NULL),
(194, '2503', 'ATALAYA', '25', '03', 25, 1, '2023-06-21 18:51:38', NULL),
(195, '2504', 'PURUS', '25', '04', 25, 1, '2023-06-21 18:51:38', NULL);

-- --------------------------------------------------------

--
-- Estructura de tabla para la tabla `rolopciones`
--

DROP TABLE IF EXISTS `rolopciones`;
CREATE TABLE IF NOT EXISTS `rolopciones` (
  `id` int(10) UNSIGNED NOT NULL AUTO_INCREMENT,
  `orden` int(11) NOT NULL,
  `ver` int(11) NOT NULL,
  `anadir` int(11) NOT NULL,
  `modificar` int(11) NOT NULL,
  `eliminar` int(11) NOT NULL,
  `todas` int(11) NOT NULL,
  `created_at` timestamp NULL DEFAULT CURRENT_TIMESTAMP,
  `updated_at` timestamp NULL DEFAULT NULL,
  `rol_id` int(10) UNSIGNED NOT NULL,
  `opcion_id` int(10) UNSIGNED NOT NULL,
  PRIMARY KEY (`id`),
  KEY `rol_id` (`rol_id`),
  KEY `opcion_id` (`opcion_id`)
) ENGINE=MyISAM AUTO_INCREMENT=25 DEFAULT CHARSET=latin1;

--
-- Volcado de datos para la tabla `rolopciones`
--

INSERT INTO `rolopciones` (`id`, `orden`, `ver`, `anadir`, `modificar`, `eliminar`, `todas`, `created_at`, `updated_at`, `rol_id`, `opcion_id`) VALUES
(1, 1, 1, 1, 1, 1, 1, '2020-09-24 17:47:55', '2020-09-24 17:47:55', 1, 1),
(2, 2, 1, 1, 1, 1, 1, '2020-09-24 17:47:55', '2020-09-24 17:47:55', 1, 2),
(3, 3, 1, 1, 1, 1, 1, '2020-09-24 17:47:55', '2020-09-24 17:47:55', 1, 3),
(4, 4, 1, 1, 1, 1, 1, '2020-09-24 17:47:55', '2020-09-24 17:47:55', 1, 4),
(5, 5, 1, 1, 1, 1, 1, '2020-09-24 17:47:55', '2020-09-24 17:47:55', 1, 5),
(6, 6, 1, 1, 1, 1, 1, '2020-09-24 17:47:55', '2020-09-24 17:47:55', 1, 6),
(7, 7, 1, 1, 1, 1, 1, '2020-09-24 17:47:55', '2020-09-24 17:47:55', 1, 7),
(8, 1, 0, 0, 0, 0, 0, '2023-06-22 18:39:58', NULL, 2, 1),
(9, 2, 0, 0, 0, 0, 0, '2023-06-22 18:39:58', NULL, 2, 2),
(10, 3, 0, 0, 0, 0, 0, '2023-06-22 18:39:58', NULL, 2, 3),
(11, 4, 0, 0, 0, 0, 0, '2023-06-22 18:39:58', NULL, 2, 4),
(12, 5, 0, 0, 0, 0, 0, '2023-06-22 18:39:58', NULL, 2, 5),
(13, 6, 0, 0, 0, 0, 0, '2023-06-22 18:39:58', NULL, 2, 6),
(14, 7, 0, 0, 0, 0, 0, '2023-06-22 18:39:58', NULL, 2, 7),
(15, 8, 1, 1, 1, 1, 1, '2023-07-05 21:37:50', NULL, 1, 8),
(16, 8, 0, 0, 0, 0, 0, '2023-07-05 21:37:50', NULL, 2, 8),
(17, 9, 1, 1, 1, 1, 1, '2023-07-15 14:21:22', NULL, 1, 9),
(18, 9, 0, 0, 0, 0, 0, '2023-07-15 14:21:22', NULL, 2, 9),
(19, 10, 1, 1, 1, 1, 1, '2023-07-16 14:55:50', NULL, 1, 10),
(20, 10, 0, 0, 0, 0, 0, '2023-07-16 14:55:50', NULL, 2, 10),
(21, 11, 1, 1, 1, 1, 1, '2023-07-16 14:57:47', NULL, 1, 11),
(22, 11, 0, 0, 0, 0, 0, '2023-07-16 14:57:47', NULL, 2, 11),
(23, 12, 1, 1, 1, 1, 1, '2023-07-16 15:28:49', NULL, 1, 12),
(24, 12, 0, 0, 0, 0, 0, '2023-07-16 15:28:49', NULL, 2, 12);

-- --------------------------------------------------------

--
-- Estructura de tabla para la tabla `rols`
--

DROP TABLE IF EXISTS `rols`;
CREATE TABLE IF NOT EXISTS `rols` (
  `id` int(10) UNSIGNED NOT NULL AUTO_INCREMENT,
  `nombre` varchar(100) COLLATE utf8mb4_unicode_ci NOT NULL,
  `activo` tinyint(1) NOT NULL DEFAULT '1',
  `created_at` timestamp NULL DEFAULT CURRENT_TIMESTAMP,
  `updated_at` timestamp NULL DEFAULT NULL,
  PRIMARY KEY (`id`)
) ENGINE=MyISAM AUTO_INCREMENT=3 DEFAULT CHARSET=utf8mb4 COLLATE=utf8mb4_unicode_ci;

--
-- Volcado de datos para la tabla `rols`
--

INSERT INTO `rols` (`id`, `nombre`, `activo`, `created_at`, `updated_at`) VALUES
(1, 'Super Admin', 1, '2020-09-24 17:47:55', '2020-09-24 17:47:55'),
(2, 'Encuestador', 1, '2023-06-22 18:39:58', NULL);

-- --------------------------------------------------------

--
-- Estructura de tabla para la tabla `saludbeneficiarios`
--

DROP TABLE IF EXISTS `saludbeneficiarios`;
CREATE TABLE IF NOT EXISTS `saludbeneficiarios` (
  `id` int(11) NOT NULL AUTO_INCREMENT,
  `ficha_id` int(11) NOT NULL,
  `discapacidad_id` int(11) NOT NULL,
  `discapacidad` varchar(200) NOT NULL,
  `niveldiscapacidad_id` int(11) NOT NULL,
  `niveldiscapacidad` varchar(200) NOT NULL,
  `tipodiscapacidad` varchar(300) NOT NULL,
  `tiposeguro_id` int(11) NOT NULL,
  `tiposeguro` varchar(200) NOT NULL,
  `cadtiposeguro` varchar(200) DEFAULT NULL,
  `activo` smallint(6) NOT NULL DEFAULT '1',
  `created_at` timestamp NULL DEFAULT CURRENT_TIMESTAMP,
  `updated_at` timestamp NULL DEFAULT NULL,
  PRIMARY KEY (`id`)
) ENGINE=MyISAM AUTO_INCREMENT=11 DEFAULT CHARSET=latin1;

--
-- Volcado de datos para la tabla `saludbeneficiarios`
--

INSERT INTO `saludbeneficiarios` (`id`, `ficha_id`, `discapacidad_id`, `discapacidad`, `niveldiscapacidad_id`, `niveldiscapacidad`, `tipodiscapacidad`, `tiposeguro_id`, `tiposeguro`, `cadtiposeguro`, `activo`, `created_at`, `updated_at`) VALUES
(1, 1, 26, 'Física', 31, 'Moderada', 'pierna amputada', 22, 'SIS', NULL, 0, '2023-07-05 17:55:46', '2023-07-06 13:52:27'),
(2, 1, 26, 'Física', 32, 'Severa', 'le falta una patita', 22, 'SIS', NULL, 0, '2023-07-06 14:31:07', '2023-07-06 14:31:10'),
(3, 1, 29, 'Intelectual', 30, 'Leve', 'AUTISTA', 22, 'SIS', NULL, 0, '2023-07-06 14:32:58', '2023-07-06 15:12:54'),
(4, 1, 29, 'Intelectual', 31, 'Moderada', 'AUTISTA', 22, 'SIS', NULL, 1, '2023-07-06 14:36:12', NULL),
(5, 1, 28, 'Mental', 32, 'Severa', 'retrasado', 23, 'ESSALUD', NULL, 1, '2023-07-06 15:11:52', NULL),
(6, 1, 27, 'Sensorial', 32, 'Severa', 'no escucha es bien sordo', 22, 'SIS', 'no se lava las orejas', 0, '2023-07-06 15:12:51', '2023-07-10 17:33:38'),
(7, 2, 26, 'Física', 30, 'Leve', 'hhhh', 23, 'ESSALUD', NULL, 1, '2023-07-10 17:26:52', NULL),
(8, 2, 26, 'Física', 32, 'Severa', 'dddd', 23, 'ESSALUD', 'sss', 1, '2023-07-10 17:57:52', NULL),
(9, 18, 27, 'Sensorial', 31, 'Moderada', 'asdasd', 23, 'ESSALUD', NULL, 1, '2023-07-11 14:15:37', NULL),
(10, 18, 29, 'Intelectual', 32, 'Severa', 'asdasd', 22, 'SIS', NULL, 1, '2023-07-11 14:15:44', NULL);

-- --------------------------------------------------------

--
-- Estructura de tabla para la tabla `saludfamiliares`
--

DROP TABLE IF EXISTS `saludfamiliares`;
CREATE TABLE IF NOT EXISTS `saludfamiliares` (
  `id` int(11) NOT NULL AUTO_INCREMENT,
  `ficha_id` int(11) NOT NULL,
  `familiar_id` int(11) NOT NULL,
  `parentesco_id` int(11) NOT NULL,
  `parentesco` varchar(200) NOT NULL,
  `nombrefamiliar` varchar(300) NOT NULL,
  `enfermedad` varchar(300) NOT NULL,
  `activo` smallint(6) NOT NULL DEFAULT '1',
  `created_at` timestamp NULL DEFAULT CURRENT_TIMESTAMP,
  `updated_at` timestamp NULL DEFAULT NULL,
  PRIMARY KEY (`id`)
) ENGINE=MyISAM AUTO_INCREMENT=34 DEFAULT CHARSET=latin1;

--
-- Volcado de datos para la tabla `saludfamiliares`
--

INSERT INTO `saludfamiliares` (`id`, `ficha_id`, `familiar_id`, `parentesco_id`, `parentesco`, `nombrefamiliar`, `enfermedad`, `activo`, `created_at`, `updated_at`) VALUES
(1, 1, 10, 4, 'Hermano(a)', 'vsss sollis viviana', 'mal de la piernita', 0, '2023-07-05 08:21:23', '2023-07-06 13:48:29'),
(2, 1, 10, 4, 'Hermano(a)', 'vsss sollis viviana', 'gripe aviar', 0, '2023-07-05 08:28:25', '2023-07-05 08:28:28'),
(3, 1, 10, 4, 'Hermano(a)', 'vsss sollis viviana', 'gripe porcina', 1, '2023-07-05 08:28:36', NULL),
(4, 1, 8, 2, 'Madre', 'sadas n n', 'gripe', 1, '2023-07-05 08:29:36', NULL),
(5, 1, 9, 3, 'Hijo(a)', 'asdsd4444 n55555 neeeee', 'gripe porcina 3', 1, '2023-07-05 09:51:28', NULL),
(6, 1, 7, 3, 'Hijo(a)', 'chivito nsadj n', 'gripe', 1, '2023-07-05 11:34:39', NULL),
(7, 3, 20, 4, 'Hermano(a)', 'loca chivita chiva', 'gripe', 1, '2023-07-07 17:49:41', NULL),
(8, 3, 21, 4, 'Hermano(a)', 'gggg n fffff', 'gripe', 1, '2023-07-07 17:49:50', NULL),
(9, 4, 23, 3, 'Hijo(a)', 'chivito nsadj n', 'gripe', 1, '2023-07-07 21:26:34', NULL),
(10, 4, 24, 2, 'Madre', 'sadas n n', 'gripe', 1, '2023-07-07 21:26:34', NULL),
(11, 4, 25, 3, 'Hijo(a)', 'asdsd4444 n55555 neeeee', 'gripe porcina 3', 1, '2023-07-07 21:26:34', NULL),
(12, 4, 26, 4, 'Hermano(a)', 'vsss sollis viviana', 'gripe porcina', 1, '2023-07-07 21:26:34', NULL),
(13, 2, 12, 3, 'Hijo(a)', 'vigil guevara neil', 'ddddd', 1, '2023-07-10 17:27:26', NULL),
(14, 12, 37, 3, 'Hijo(a)', 'chivito nsadj n', 'gripe', 1, '2023-07-10 20:03:00', NULL),
(15, 12, 38, 2, 'Madre', 'sadas n n', 'gripe', 1, '2023-07-10 20:03:00', NULL),
(16, 12, 39, 3, 'Hijo(a)', 'asdsd4444 n55555 neeeee', 'gripe porcina 3', 1, '2023-07-10 20:03:00', NULL),
(17, 12, 40, 4, 'Hermano(a)', 'vsss sollis viviana', 'gripe porcina', 1, '2023-07-10 20:03:00', NULL),
(18, 18, 49, 3, 'Hijo(a)', 'chivito nsadj n', 'gripe', 1, '2023-07-11 14:07:02', NULL),
(19, 18, 50, 2, 'Madre', 'sadas n n', 'gripe', 1, '2023-07-11 14:07:02', NULL),
(20, 18, 51, 3, 'Hijo(a)', 'asdsd4444 n55555 neeeee', 'gripe porcina 3', 1, '2023-07-11 14:07:02', NULL),
(21, 18, 52, 4, 'Hermano(a)', 'vsss sollis viviana', 'gripe porcina', 1, '2023-07-11 14:07:02', NULL),
(22, 20, 55, 3, 'Hijo(a)', 'chivito nsadj n', 'gripe', 1, '2023-07-11 14:56:48', NULL),
(23, 20, 56, 2, 'Madre', 'sadas n n', 'gripe', 1, '2023-07-11 14:56:48', NULL),
(24, 20, 57, 3, 'Hijo(a)', 'asdsd4444 n55555 neeeee', 'gripe porcina 3', 1, '2023-07-11 14:56:48', NULL),
(25, 20, 58, 4, 'Hermano(a)', 'vsss sollis viviana', 'gripe porcina', 1, '2023-07-11 14:56:48', NULL),
(26, 22, 66, 3, 'Hijo(a)', 'chivito nsadj n', 'gripe', 1, '2023-07-12 16:41:03', NULL),
(27, 22, 67, 2, 'Madre', 'sadas n n', 'gripe', 1, '2023-07-12 16:41:03', NULL),
(28, 22, 68, 3, 'Hijo(a)', 'asdsd4444 n55555 neeeee', 'gripe porcina 3', 1, '2023-07-12 16:41:03', NULL),
(29, 22, 69, 4, 'Hermano(a)', 'vsss sollis viviana', 'gripe porcina', 1, '2023-07-12 16:41:03', NULL),
(30, 25, 71, 3, 'Hijo(a)', 'chivito nsadj n', 'gripe', 1, '2023-07-15 20:41:44', NULL),
(31, 25, 72, 2, 'Madre', 'sadas n n', 'gripe', 1, '2023-07-15 20:41:44', NULL),
(32, 25, 73, 3, 'Hijo(a)', 'asdsd4444 n55555 neeeee', 'gripe porcina 3', 1, '2023-07-15 20:41:44', NULL),
(33, 25, 74, 4, 'Hermano(a)', 'vsss sollis viviana', 'gripe porcina', 1, '2023-07-15 20:41:44', NULL);

-- --------------------------------------------------------

--
-- Estructura de tabla para la tabla `saludmortalidad`
--

DROP TABLE IF EXISTS `saludmortalidad`;
CREATE TABLE IF NOT EXISTS `saludmortalidad` (
  `id` int(11) NOT NULL AUTO_INCREMENT,
  `ficha_id` int(11) NOT NULL,
  `parentesco_id` int(11) NOT NULL,
  `parentesco` varchar(200) NOT NULL,
  `nombrefamiliar` varchar(300) NOT NULL,
  `enfermedad` varchar(300) NOT NULL,
  `lugarfallecimiento_id` int(11) NOT NULL,
  `lugarfallecimiento` varchar(200) NOT NULL,
  `cadlugarfallecimiento` varchar(200) DEFAULT NULL,
  `activo` smallint(6) NOT NULL DEFAULT '1',
  `created_at` timestamp NULL DEFAULT CURRENT_TIMESTAMP,
  `updated_at` timestamp NULL DEFAULT NULL,
  PRIMARY KEY (`id`)
) ENGINE=MyISAM AUTO_INCREMENT=11 DEFAULT CHARSET=latin1;

--
-- Volcado de datos para la tabla `saludmortalidad`
--

INSERT INTO `saludmortalidad` (`id`, `ficha_id`, `parentesco_id`, `parentesco`, `nombrefamiliar`, `enfermedad`, `lugarfallecimiento_id`, `lugarfallecimiento`, `cadlugarfallecimiento`, `activo`, `created_at`, `updated_at`) VALUES
(1, 1, 3, 'Hijo(a)', 'neil vigil', 'subita', 98, 'Hospital', NULL, 0, '2023-07-05 15:58:29', '2023-07-05 16:31:03'),
(2, 3, 2, 'Madre', 'asdasdas', 'asdasdas', 99, 'Casa', NULL, 1, '2023-07-07 17:50:09', NULL),
(3, 2, 1, 'Padre', 'asdasdas', 'asdasdas', 98, 'Hospital', NULL, 1, '2023-07-10 17:30:13', NULL),
(4, 2, 3, 'Hijo(a)', 'asdasdas', 'asdasdas', 99, 'Casa', 'zzsdf', 1, '2023-07-10 17:30:35', NULL),
(5, 16, 1, 'Padre', 'asdasdas', 'asdasdas', 98, 'Hospital', NULL, 1, '2023-07-10 20:39:47', NULL),
(6, 16, 3, 'Hijo(a)', 'asdasdas', 'asdasdas', 99, 'Casa', 'zzsdf', 1, '2023-07-10 20:39:47', NULL),
(7, 18, 1, 'Padre', 'eeeeeeee', 'gggggggg', 98, 'Hospital', NULL, 1, '2023-07-11 14:16:18', NULL),
(8, 20, 1, 'Padre', 'eeeeeeee', 'gggggggg', 98, 'Hospital', NULL, 1, '2023-07-11 14:56:48', NULL),
(9, 22, 1, 'Padre', 'eeeeeeee', 'gggggggg', 98, 'Hospital', NULL, 1, '2023-07-12 16:41:03', NULL),
(10, 25, 1, 'Padre', 'eeeeeeee', 'gggggggg', 98, 'Hospital', NULL, 1, '2023-07-15 20:41:44', NULL);

-- --------------------------------------------------------

--
-- Estructura de tabla para la tabla `users`
--

DROP TABLE IF EXISTS `users`;
CREATE TABLE IF NOT EXISTS `users` (
  `id` int(10) UNSIGNED NOT NULL AUTO_INCREMENT,
  `nombre` varchar(200) COLLATE utf8mb4_unicode_ci NOT NULL,
  `apellido` varchar(200) COLLATE utf8mb4_unicode_ci NOT NULL,
  `email` varchar(191) COLLATE utf8mb4_unicode_ci DEFAULT NULL,
  `name` varchar(50) COLLATE utf8mb4_unicode_ci NOT NULL,
  `password` varchar(256) COLLATE utf8mb4_unicode_ci NOT NULL,
  `activo` tinyint(1) NOT NULL DEFAULT '1',
  `created_at` timestamp NULL DEFAULT CURRENT_TIMESTAMP,
  `updated_at` timestamp NULL DEFAULT NULL,
  `rol_id` int(10) UNSIGNED NOT NULL,
  PRIMARY KEY (`id`),
  KEY `rol_id` (`rol_id`)
) ENGINE=MyISAM AUTO_INCREMENT=3 DEFAULT CHARSET=utf8mb4 COLLATE=utf8mb4_unicode_ci;

--
-- Volcado de datos para la tabla `users`
--

INSERT INTO `users` (`id`, `nombre`, `apellido`, `email`, `name`, `password`, `activo`, `created_at`, `updated_at`, `rol_id`) VALUES
(1, 'Administrador', 'Web', 'francito20al@gmail.com', 'admin', 'eyJpdiI6Ik9PNGhlR0d0bjFlVFwvZ1pCZTdtdFVBPT0iLCJ2YWx1ZSI6InA5UVl1NzF1U3ZkOFwvdmQxcU9UUHR3PT0iLCJtYWMiOiIwNzg3YTlhNjhjNjU3ZjkwN2Y2ZWM5M2IyYjI5OGQzYjZhOGZhMGMyMzIzZmMwN2ZjYTc5ODg3ODkyOGVlMzVmIn0=', 1, '2020-09-24 17:47:55', '2020-09-24 17:47:55', 1),
(2, 'Neil', 'Vigil', NULL, 'nvigil', 'eyJpdiI6Iks2RU9qTURoeFNFVDNwS28rR2NrNlE9PSIsInZhbHVlIjoiYTIrcTljbzFQR0V2b2tsNlwvWHFYa3c9PSIsIm1hYyI6ImY0NzYzYzRmNjJkYmRmNDU2MWQ3ZDdlZTY1ZjY1NTUyYzcxM2E4YzUyNzMyYzdjNWQ3ZjA4YTU1OGJmYjIyNzkifQ==', 1, '2023-06-22 06:43:11', NULL, 2);

-- --------------------------------------------------------

--
-- Estructura de tabla para la tabla `viviendas`
--

DROP TABLE IF EXISTS `viviendas`;
CREATE TABLE IF NOT EXISTS `viviendas` (
  `id` int(11) NOT NULL AUTO_INCREMENT,
  `ficha_id` int(11) NOT NULL,
  `concepto` varchar(200) DEFAULT NULL,
  `materialvivienda_id` int(11) NOT NULL,
  `nombrematerialvivienda` varchar(200) DEFAULT NULL,
  `activo` smallint(6) NOT NULL DEFAULT '1',
  `usercrea` int(10) UNSIGNED NOT NULL,
  `fechacrea` date NOT NULL,
  `usermod` int(10) UNSIGNED DEFAULT NULL,
  `fechamod` date DEFAULT NULL,
  `created_at` timestamp NULL DEFAULT CURRENT_TIMESTAMP,
  `updated_at` timestamp NULL DEFAULT NULL,
  PRIMARY KEY (`id`)
) ENGINE=MyISAM AUTO_INCREMENT=64 DEFAULT CHARSET=latin1;

--
-- Volcado de datos para la tabla `viviendas`
--

INSERT INTO `viviendas` (`id`, `ficha_id`, `concepto`, `materialvivienda_id`, `nombrematerialvivienda`, `activo`, `usercrea`, `fechacrea`, `usermod`, `fechamod`, `created_at`, `updated_at`) VALUES
(1, 1, 'serviciopublicos', 60, 'Agua', 1, 1, '2023-07-05', 1, '2023-07-05', '2023-07-05 05:18:33', NULL),
(2, 1, 'serviciopublicos', 61, 'Agua y luz', 1, 1, '2023-07-05', 1, '2023-07-05', '2023-07-05 05:18:33', NULL),
(3, 1, 'abastecimientoagua', 67, 'Pozo artesanal / Pilón', 1, 1, '2023-07-05', 1, '2023-07-05', '2023-07-05 05:18:41', NULL),
(4, 1, 'servicioshigienicos', 70, 'Serv.Fuera de casa', 1, 1, '2023-07-05', 1, '2023-07-05', '2023-07-05 05:18:41', NULL),
(5, 1, 'serviciopublicos', 62, 'gas', 1, 1, '2023-07-05', 1, '2023-07-05', '2023-07-05 10:36:35', NULL),
(6, 1, 'serviciopublicos', 63, 'Internet', 1, 1, '2023-07-05', 1, '2023-07-05', '2023-07-05 10:36:35', NULL),
(7, 1, 'bienes', 35, 'Tractor Agrícola', 1, 1, '2023-07-06', 1, '2023-07-06', '2023-07-06 13:42:42', NULL),
(8, 1, 'bienes', 36, 'Refrigeradora', 1, 1, '2023-07-06', 1, '2023-07-06', '2023-07-06 13:42:42', NULL),
(9, 1, 'bienes', 37, 'Computadora', 1, 1, '2023-07-06', 1, '2023-07-06', '2023-07-06 13:49:23', NULL),
(10, 1, 'bienes', 41, 'Equipos de Son.', 1, 1, '2023-07-06', 1, '2023-07-06', '2023-07-06 15:32:38', NULL),
(11, 3, 'bienes', 34, 'Camión', 1, 1, '2023-07-07', NULL, NULL, '2023-07-07 05:51:31', NULL),
(12, 4, 'bienes', 35, 'Tractor Agrícola', 0, 1, '2023-07-07', NULL, NULL, '2023-07-07 09:26:34', '2023-07-07 09:30:31'),
(13, 4, 'bienes', 36, 'Refrigeradora', 0, 1, '2023-07-07', NULL, NULL, '2023-07-07 09:26:34', '2023-07-07 09:30:31'),
(14, 4, 'bienes', 37, 'Computadora', 0, 1, '2023-07-07', NULL, NULL, '2023-07-07 09:26:34', '2023-07-07 09:30:31'),
(15, 4, 'bienes', 41, 'Equipos de Son.', 0, 1, '2023-07-07', NULL, NULL, '2023-07-07 09:26:34', '2023-07-07 09:30:31'),
(16, 4, 'serviciopublicos', 60, 'Agua', 0, 1, '2023-07-07', NULL, NULL, '2023-07-07 09:26:34', '2023-07-07 09:30:31'),
(17, 4, 'serviciopublicos', 61, 'Agua y luz', 0, 1, '2023-07-07', NULL, NULL, '2023-07-07 09:26:34', '2023-07-07 09:30:31'),
(18, 4, 'abastecimientoagua', 67, 'Pozo artesanal / Pilón', 0, 1, '2023-07-07', NULL, NULL, '2023-07-07 09:26:34', '2023-07-07 09:30:31'),
(19, 4, 'servicioshigienicos', 70, 'Serv.Fuera de casa', 0, 1, '2023-07-07', NULL, NULL, '2023-07-07 09:26:34', '2023-07-07 09:30:31'),
(20, 4, 'serviciopublicos', 62, 'gas', 0, 1, '2023-07-07', NULL, NULL, '2023-07-07 09:26:34', '2023-07-07 09:30:31'),
(21, 4, 'serviciopublicos', 63, 'Internet', 0, 1, '2023-07-07', NULL, NULL, '2023-07-07 09:26:34', '2023-07-07 09:30:31'),
(22, 12, 'bienes', 35, 'Tractor Agrícola', 1, 1, '2023-07-10', NULL, NULL, '2023-07-10 08:03:00', NULL),
(23, 12, 'bienes', 36, 'Refrigeradora', 1, 1, '2023-07-10', NULL, NULL, '2023-07-10 08:03:00', NULL),
(24, 12, 'bienes', 37, 'Computadora', 1, 1, '2023-07-10', NULL, NULL, '2023-07-10 08:03:00', NULL),
(25, 12, 'bienes', 41, 'Equipos de Son.', 1, 1, '2023-07-10', NULL, NULL, '2023-07-10 08:03:00', NULL),
(26, 12, 'serviciopublicos', 60, 'Agua', 1, 1, '2023-07-10', NULL, NULL, '2023-07-10 08:03:00', NULL),
(27, 12, 'serviciopublicos', 61, 'Agua y luz', 1, 1, '2023-07-10', NULL, NULL, '2023-07-10 08:03:00', NULL),
(28, 12, 'abastecimientoagua', 67, 'Pozo artesanal / Pilón', 1, 1, '2023-07-10', NULL, NULL, '2023-07-10 08:03:00', NULL),
(29, 12, 'servicioshigienicos', 70, 'Serv.Fuera de casa', 1, 1, '2023-07-10', NULL, NULL, '2023-07-10 08:03:00', NULL),
(30, 12, 'serviciopublicos', 62, 'gas', 1, 1, '2023-07-10', NULL, NULL, '2023-07-10 08:03:00', NULL),
(31, 12, 'serviciopublicos', 63, 'Internet', 1, 1, '2023-07-10', NULL, NULL, '2023-07-10 08:03:00', NULL),
(32, 10, 'bienes', 35, 'Tractor Agrícola', 1, 1, '2023-07-10', NULL, NULL, '2023-07-10 21:41:01', NULL),
(33, 10, 'bienes', 37, 'Computadora', 1, 1, '2023-07-10', NULL, NULL, '2023-07-10 21:41:01', NULL),
(34, 18, 'bienes', 35, 'Tractor Agrícola', 1, 1, '2023-07-11', NULL, NULL, '2023-07-11 14:07:02', NULL),
(35, 18, 'bienes', 36, 'Refrigeradora', 1, 1, '2023-07-11', NULL, NULL, '2023-07-11 14:07:02', NULL),
(36, 18, 'bienes', 37, 'Computadora', 1, 1, '2023-07-11', NULL, NULL, '2023-07-11 14:07:02', NULL),
(37, 18, 'bienes', 41, 'Equipos de Son.', 1, 1, '2023-07-11', NULL, NULL, '2023-07-11 14:07:02', NULL),
(38, 18, 'serviciopublicos', 60, 'Agua', 1, 1, '2023-07-11', NULL, NULL, '2023-07-11 14:07:02', NULL),
(39, 18, 'serviciopublicos', 61, 'Agua y luz', 1, 1, '2023-07-11', NULL, NULL, '2023-07-11 14:07:02', NULL),
(40, 18, 'abastecimientoagua', 67, 'Pozo artesanal / Pilón', 1, 1, '2023-07-11', NULL, NULL, '2023-07-11 14:07:02', NULL),
(41, 18, 'servicioshigienicos', 70, 'Serv.Fuera de casa', 1, 1, '2023-07-11', NULL, NULL, '2023-07-11 14:07:02', NULL),
(42, 18, 'serviciopublicos', 62, 'gas', 1, 1, '2023-07-11', NULL, NULL, '2023-07-11 14:07:02', NULL),
(43, 18, 'serviciopublicos', 63, 'Internet', 1, 1, '2023-07-11', NULL, NULL, '2023-07-11 14:07:02', NULL),
(44, 22, 'bienes', 35, 'Tractor Agrícola', 1, 1, '2023-07-12', NULL, NULL, '2023-07-12 16:41:03', NULL),
(45, 22, 'bienes', 36, 'Refrigeradora', 1, 1, '2023-07-12', NULL, NULL, '2023-07-12 16:41:03', NULL),
(46, 22, 'bienes', 37, 'Computadora', 1, 1, '2023-07-12', NULL, NULL, '2023-07-12 16:41:03', NULL),
(47, 22, 'bienes', 41, 'Equipos de Son.', 1, 1, '2023-07-12', NULL, NULL, '2023-07-12 16:41:03', NULL),
(48, 22, 'serviciopublicos', 60, 'Agua', 1, 1, '2023-07-12', NULL, NULL, '2023-07-12 16:41:03', NULL),
(49, 22, 'serviciopublicos', 61, 'Agua y luz', 1, 1, '2023-07-12', NULL, NULL, '2023-07-12 16:41:03', NULL),
(50, 22, 'abastecimientoagua', 67, 'Pozo artesanal / Pilón', 1, 1, '2023-07-12', NULL, NULL, '2023-07-12 16:41:03', NULL),
(51, 22, 'servicioshigienicos', 70, 'Serv.Fuera de casa', 1, 1, '2023-07-12', NULL, NULL, '2023-07-12 16:41:03', NULL),
(52, 22, 'serviciopublicos', 62, 'gas', 1, 1, '2023-07-12', NULL, NULL, '2023-07-12 16:41:03', NULL),
(53, 22, 'serviciopublicos', 63, 'Internet', 1, 1, '2023-07-12', NULL, NULL, '2023-07-12 16:41:03', NULL),
(54, 25, 'bienes', 35, 'Tractor Agrícola', 1, 1, '2023-07-15', NULL, NULL, '2023-07-15 08:41:44', NULL),
(55, 25, 'bienes', 36, 'Refrigeradora', 1, 1, '2023-07-15', NULL, NULL, '2023-07-15 08:41:44', NULL),
(56, 25, 'bienes', 37, 'Computadora', 1, 1, '2023-07-15', NULL, NULL, '2023-07-15 08:41:44', NULL),
(57, 25, 'bienes', 41, 'Equipos de Son.', 1, 1, '2023-07-15', NULL, NULL, '2023-07-15 08:41:44', NULL),
(58, 25, 'serviciopublicos', 60, 'Agua', 1, 1, '2023-07-15', NULL, NULL, '2023-07-15 08:41:44', NULL),
(59, 25, 'serviciopublicos', 61, 'Agua y luz', 1, 1, '2023-07-15', NULL, NULL, '2023-07-15 08:41:44', NULL),
(60, 25, 'abastecimientoagua', 67, 'Pozo artesanal / Pilón', 1, 1, '2023-07-15', NULL, NULL, '2023-07-15 08:41:44', NULL),
(61, 25, 'servicioshigienicos', 70, 'Serv.Fuera de casa', 1, 1, '2023-07-15', NULL, NULL, '2023-07-15 08:41:44', NULL),
(62, 25, 'serviciopublicos', 62, 'gas', 1, 1, '2023-07-15', NULL, NULL, '2023-07-15 08:41:44', NULL),
(63, 25, 'serviciopublicos', 63, 'Internet', 1, 1, '2023-07-15', NULL, NULL, '2023-07-15 08:41:44', NULL);
COMMIT;

/*!40101 SET CHARACTER_SET_CLIENT=@OLD_CHARACTER_SET_CLIENT */;
/*!40101 SET CHARACTER_SET_RESULTS=@OLD_CHARACTER_SET_RESULTS */;
/*!40101 SET COLLATION_CONNECTION=@OLD_COLLATION_CONNECTION */;
